,3000_1m,3000_3m,3000_6m,3000_12m,4000_1m,4000_3m,4000_6m,4000_12m,5000_1m,5000_3m,5000_6m,5000_12m,6000_1m,6000_3m,6000_6m,6000_12m
0,3,3,5,5,4,4,5,5,3,3,4,5,4,3,4,5
1,3,2,4,5,4,4,5,5,3,2,4,5,3,3,3,5
2,0,2,3,5,4,2,5,5,3,2,4,5,2,0,4,5
3,0,0,4,6,2,2,4,5,0,0,4,5,2,2,4,5
4,2,2,5,5,4,2,4,5,2,0,5,6,0,0,5,5
5,2,3,5,6,2,2,4,5,0,2,2,5,2,2,2,6
6,7,6,7,7,6,6,6,7,7,6,6,7,7,6,7,7
7,6,6,6,7,6,4,7,7,6,5,5,7,7,7,7,7
8,7,6,7,7,6,4,6,7,6,5,6,7,6,5,6,7
9,7,6,7,7,4,4,6,7,4,6,5,7,7,5,6,7
10,6,6,6,7,5,6,6,7,5,5,6,7,6,5,6,7
11,6,4,6,6,6,6,6,7,6,5,6,7,6,6,6,7
12,7,6,6,7,6,6,6,7,7,6,7,7,7,7,7,7
13,6,6,6,7,5,5,5,7,6,5,7,7,7,7,7,7
14,6,5,7,7,5,4,7,7,6,5,7,7,7,6,7,7
15,5,5,6,7,5,5,6,7,5,5,6,7,7,7,7,7
16,6,5,6,7,5,5,7,7,6,5,7,7,6,6,7,7
17,2,5,6,7,4,4,6,7,7,6,7,7,6,7,7,7
18,6,5,7,7,6,5,5,7,7,6,7,7,7,6,7,7
19,5,5,6,7,5,5,6,7,5,5,7,7,7,6,7,7
20,6,6,7,7,2,5,5,7,5,6,7,7,6,5,7,7
21,6,5,6,7,4,5,6,7,6,5,7,7,7,6,6,7
22,6,5,6,7,2,5,6,7,6,5,7,7,6,4,6,7
23,4,6,6,7,5,6,7,7,5,5,6,7,6,5,7,7
24,5,5,6,7,6,5,7,7,6,5,6,7,7,6,7,7
25,4,5,6,7,6,6,7,7,6,6,7,7,6,5,6,7
26,4,5,6,7,5,5,6,7,5,5,7,7,6,6,7,7
27,1,5,7,7,5,5,7,7,6,5,7,7,6,5,7,7
28,1,4,6,7,5,5,6,7,4,6,6,7,6,6,6,7
29,2,2,5,7,1,4,7,7,2,5,6,7,5,6,6,7
30,0,0,2,7,0,0,2,7,0,0,4,7,0,0,4,7
31,0,0,1,6,0,0,4,7,0,0,3,7,0,1,4,7
32,0,0,3,7,0,0,4,7,0,0,4,7,0,0,3,7
33,0,0,2,7,0,0,3,7,0,0,4,7,0,0,6,7
34,0,0,3,7,0,0,4,7,0,0,6,7,0,0,3,7
35,0,0,3,7,0,0,4,7,0,0,4,7,0,0,4,7
36,0,1,4,7,0,1,4,7,2,4,6,7,1,2,6,7
37,0,1,2,7,0,0,4,7,0,2,4,7,0,2,5,7
38,0,1,2,7,0,1,4,7,0,1,2,7,0,2,6,7
39,0,1,4,7,0,1,4,7,0,2,4,7,0,1,6,7
40,0,2,4,7,0,0,4,7,0,1,6,7,0,1,5,7
41,0,0,3,7,0,1,2,7,0,1,4,7,0,0,4,7
42,0,2,4,6,0,1,2,7,0,2,6,7,0,0,2,7
43,0,0,2,7,0,0,5,7,0,1,2,7,0,2,4,7
44,0,1,2,7,0,1,2,7,0,1,4,7,0,2,4,7
45,0,1,3,7,0,1,4,7,0,1,2,7,0,0,4,7
46,0,0,2,7,0,0,2,7,0,1,4,7,0,0,6,7
47,0,1,2,7,0,0,4,7,0,1,4,7,0,2,6,7
48,0,1,2,7,0,1,4,7,0,1,4,7,0,1,5,7
49,2,4,4,6,0,2,4,7,0,1,2,7,0,2,7,7
50,1,2,5,6,0,0,4,7,0,1,6,7,0,2,5,7
51,1,1,2,6,0,0,2,7,0,1,4,7,0,1,6,7
52,1,2,2,6,0,0,4,7,0,1,3,7,0,1,5,7
53,1,1,2,6,0,1,4,7,0,1,4,7,0,1,4,7
54,2,4,5,6,0,1,4,7,0,2,6,7,0,2,6,7
55,1,2,2,6,0,0,4,7,0,1,6,7,0,1,4,7
56,1,1,4,6,0,0,4,7,0,1,3,7,0,2,7,7
57,1,1,4,6,0,0,4,7,0,1,6,7,0,1,7,7
58,1,1,4,6,0,0,5,7,0,1,6,7,0,2,6,7
59,0,0,3,7,0,0,3,7,0,1,5,7,0,2,6,7
60,0,0,3,7,0,0,4,7,0,2,4,7,0,2,6,7
61,0,1,3,7,0,0,2,7,0,1,5,7,0,1,7,7
62,1,2,2,7,0,0,5,7,0,1,7,7,0,0,5,7
63,0,1,2,6,0,0,3,7,0,1,6,7,0,1,4,7
64,1,2,4,6,0,0,4,7,0,1,4,7,0,2,5,7
65,0,0,3,7,0,0,3,7,0,1,4,7,0,1,7,7
66,0,1,2,7,0,1,4,7,0,1,4,7,0,1,7,7
67,0,1,2,7,0,0,6,7,0,0,6,7,0,1,7,7
68,2,1,4,6,0,0,6,7,0,1,4,7,0,1,6,7
69,1,1,5,6,0,0,4,7,0,1,4,7,0,2,6,7
70,1,2,4,7,0,0,3,7,0,1,4,7,0,1,6,7
71,1,1,3,7,0,1,4,7,0,1,6,7,0,0,4,7
72,4,2,4,6,0,1,4,7,0,2,7,7,0,4,6,7
73,1,2,4,7,0,1,3,7,0,1,6,7,0,3,6,7
74,0,4,4,7,0,0,4,7,0,1,3,7,0,1,6,7
75,0,0,4,7,0,0,3,7,0,2,4,7,0,1,6,7
76,0,1,4,7,0,0,4,7,0,1,6,7,0,2,6,7
77,0,1,4,7,0,0,4,7,0,1,6,7,0,1,6,7
78,0,1,3,7,0,2,5,7,0,1,6,7,0,2,6,7
79,0,0,4,7,0,1,4,7,0,2,6,7,0,2,7,7
80,0,1,3,7,0,0,3,7,0,1,6,7,0,3,7,7
81,0,1,4,7,0,1,6,7,0,2,6,7,0,3,6,7
82,0,1,3,7,0,0,6,7,0,1,6,7,0,1,6,7
83,0,1,4,7,0,2,4,7,0,1,6,7,0,1,7,7
84,2,4,4,7,0,1,7,7,0,2,7,7,0,3,7,7
85,2,4,5,7,0,1,6,7,0,2,6,7,0,2,6,7
86,2,4,4,7,0,1,7,7,0,2,6,7,0,2,7,7
87,0,1,2,7,0,2,7,7,0,1,4,7,0,2,6,7
88,0,1,4,7,0,1,4,7,0,1,6,7,0,2,7,7
89,0,1,6,7,0,1,7,7,0,1,4,7,0,4,6,7
90,0,1,6,7,0,2,4,7,0,1,6,7,0,2,6,7
91,0,1,3,7,0,0,6,7,0,1,6,7,0,2,7,7
92,0,1,3,7,0,0,6,7,0,2,7,7,0,3,7,7
93,0,1,4,7,0,1,6,7,0,2,6,7,0,1,6,7
94,0,1,6,7,0,1,6,7,0,2,7,7,0,1,7,7
95,0,1,3,7,0,0,6,7,0,2,6,7,0,1,6,7
96,0,1,3,7,0,1,4,7,0,1,7,7,0,0,6,7
97,1,2,4,7,0,2,2,7,0,2,4,7,0,1,6,7
98,0,1,4,6,0,0,7,7,0,1,6,7,0,1,6,7
99,2,4,6,7,0,0,4,7,0,2,7,7,0,1,4,7
100,0,1,4,7,0,0,7,7,0,1,6,7,0,0,6,7
101,0,0,5,7,0,0,7,7,0,0,7,7,0,0,4,7
102,2,4,6,7,0,1,4,7,0,0,4,7,0,1,6,7
103,0,0,4,7,0,0,4,7,0,1,7,7,0,0,6,7
104,0,1,4,7,0,0,6,7,0,1,7,7,0,2,7,7
105,0,1,6,7,0,1,4,7,0,1,7,7,0,0,6,7
106,1,4,6,7,0,0,6,7,0,0,6,7,0,2,7,7
107,1,4,6,6,0,1,7,7,0,1,7,7,0,2,7,7
108,2,4,6,7,0,1,7,7,0,2,7,7,0,2,6,7
109,2,4,6,7,0,1,6,7,0,1,6,7,0,1,6,7
110,1,4,6,7,0,0,6,7,0,1,7,7,0,2,7,7
111,0,2,6,7,0,0,7,7,0,2,7,7,0,0,7,7
112,1,2,4,7,0,1,6,7,0,1,7,7,0,2,7,7
113,2,2,6,7,0,1,7,7,0,2,7,7,0,1,6,7
114,2,4,6,6,0,4,7,7,0,4,7,7,0,4,7,7
115,2,4,6,7,0,2,7,7,0,2,6,7,0,5,7,7
116,2,4,6,7,0,2,7,7,0,2,7,7,0,4,7,7
117,2,4,6,7,0,2,7,7,0,2,7,7,0,2,7,7
118,0,2,7,7,0,0,7,7,0,4,7,7,0,2,7,7
119,0,2,4,7,0,1,7,7,0,2,7,7,0,3,7,7
120,0,2,6,7,0,2,6,7,0,4,7,7,1,4,7,7
121,2,4,6,7,0,4,6,7,1,2,7,7,0,2,6,7
122,2,5,6,7,0,2,7,7,0,4,7,7,0,2,7,7
123,2,4,6,7,0,4,7,7,0,2,7,7,0,2,6,7
124,0,2,7,7,0,3,7,7,0,1,7,7,0,5,7,7
125,0,1,6,7,0,1,7,7,0,2,7,7,0,2,7,7
126,0,5,7,7,1,5,6,7,0,5,7,7,1,5,6,7
127,0,2,6,7,0,2,6,7,0,4,6,7,2,4,7,7
128,2,5,6,7,0,4,7,7,0,7,7,7,0,4,6,7
129,2,4,6,6,0,1,7,7,1,2,7,7,0,5,7,7
130,2,4,6,7,0,1,7,7,0,5,7,7,0,6,7,7
131,2,4,6,7,0,4,7,7,0,4,7,7,0,4,7,7
132,4,4,6,7,1,6,7,7,4,6,7,7,4,5,7,7
133,2,5,7,7,0,2,7,7,1,6,7,7,2,6,7,7
134,2,5,6,7,0,3,7,7,1,5,7,7,0,4,7,7
135,2,4,6,7,0,4,7,7,2,5,7,7,0,4,7,7
136,2,5,6,7,0,6,7,7,0,4,6,7,1,6,7,7
137,0,4,6,7,0,6,7,7,0,5,7,7,2,5,7,7
138,2,5,7,7,2,6,7,7,5,5,7,7,5,6,7,7
139,0,4,6,7,0,5,7,7,1,5,7,7,2,6,7,7
140,4,6,6,7,0,4,7,7,2,6,7,7,0,7,7,7
141,2,5,6,7,0,5,7,7,0,4,7,7,0,5,7,7
142,2,5,6,7,0,5,7,7,0,6,7,7,1,6,7,7
143,2,4,6,7,0,6,7,7,0,4,7,7,0,5,7,7
144,5,5,6,7,2,5,7,7,5,6,7,7,5,6,7,7
145,2,5,6,7,0,5,7,7,2,6,7,7,4,5,7,7
146,2,5,6,7,2,5,7,7,1,6,7,7,2,6,7,7
147,2,6,6,7,0,6,7,7,2,4,7,7,2,7,7,7
148,4,6,6,7,0,6,7,7,0,6,7,7,1,6,7,7
149,2,5,6,7,0,5,7,7,0,5,7,7,0,7,7,7
150,6,5,7,7,4,5,7,7,5,6,7,7,5,7,7,7
151,4,5,6,7,2,6,7,7,4,6,7,7,5,5,7,7
152,4,5,6,7,2,6,7,7,4,5,7,7,5,6,7,7
153,4,5,6,7,0,6,7,7,1,6,7,7,2,6,7,7
154,2,6,6,7,0,5,7,7,1,4,7,7,4,6,7,7
155,2,5,6,7,0,4,7,7,0,4,7,7,0,5,7,7
156,6,5,7,7,5,5,7,7,5,6,7,7,6,7,7,7
157,4,6,7,7,4,5,6,7,5,6,7,7,5,6,7,7
158,4,5,6,7,1,5,7,7,3,6,7,7,5,7,7,7
159,2,5,7,7,2,5,7,7,2,5,7,7,5,7,7,7
160,2,4,7,7,2,6,7,7,2,6,7,7,2,6,7,7
161,2,5,7,7,0,4,7,7,0,6,7,7,2,7,7,7
162,2,5,7,7,5,5,7,7,5,6,7,7,6,7,7,7
163,2,5,7,7,5,7,7,7,5,6,7,7,5,7,7,7
164,0,5,7,7,5,5,7,7,4,6,7,7,5,7,7,7
165,2,6,7,7,4,7,7,7,5,5,7,7,5,7,7,7
166,0,5,7,7,2,5,7,7,2,6,7,7,1,6,7,7
167,0,6,7,7,0,6,7,7,2,6,7,7,5,5,7,7
168,5,6,7,7,5,6,7,7,6,6,7,7,6,6,7,7
169,4,5,7,7,4,5,7,7,4,6,7,7,6,5,7,7
170,2,5,7,7,4,6,7,7,5,6,7,7,5,6,7,7
171,2,6,7,7,4,5,7,7,4,6,7,7,4,6,7,7
172,1,6,7,7,1,6,7,7,1,6,7,7,4,6,7,7
173,0,6,7,7,0,5,7,7,3,5,7,7,4,6,7,7
174,5,5,7,7,4,5,7,7,6,7,7,7,5,6,7,7
175,5,5,6,7,5,6,7,7,5,6,7,7,4,6,7,7
176,0,6,6,7,5,5,7,7,4,6,7,7,5,7,7,7
177,1,5,7,7,5,6,7,7,3,6,7,7,6,7,7,7
178,0,6,7,7,2,6,7,7,4,7,7,7,4,7,7,7
179,0,4,7,7,2,7,7,7,1,6,7,7,4,5,7,7
180,6,6,7,7,5,7,7,7,6,7,7,7,6,5,7,7
181,5,6,7,7,4,5,7,7,5,6,7,7,5,5,7,7
182,4,5,6,7,4,5,7,7,3,6,7,7,5,7,7,7
183,4,6,7,7,2,5,7,7,5,5,7,7,4,6,7,7
184,1,5,6,7,1,6,7,7,2,5,7,7,4,7,7,7
185,0,5,6,7,1,6,7,7,0,6,7,7,5,6,7,7
186,5,5,7,7,5,6,7,7,6,7,7,7,6,6,7,7
187,5,6,7,7,5,6,7,7,5,6,7,7,6,6,7,7
188,0,5,7,7,2,6,7,7,5,7,7,7,5,5,7,7
189,2,6,6,7,4,5,7,7,5,6,7,7,5,7,7,7
190,2,5,7,7,4,5,7,7,4,7,7,7,6,6,7,7
191,2,5,7,7,1,5,7,7,4,6,7,7,2,7,7,7
192,4,7,7,7,5,5,7,7,6,7,7,7,6,7,7,7
193,4,6,7,7,5,5,7,7,5,6,7,7,6,6,7,7
194,4,6,7,7,5,5,7,7,4,7,7,7,6,7,7,7
195,4,4,7,7,2,6,7,7,4,7,7,7,6,7,7,7
196,2,6,7,7,2,5,7,7,4,6,7,7,5,6,7,7
197,0,5,7,7,4,5,7,7,4,6,7,7,5,6,7,7
198,5,6,7,7,5,5,7,7,5,7,7,7,6,7,7,7
199,5,6,7,7,5,6,7,7,6,6,7,7,6,6,7,7
200,4,7,7,7,5,6,7,7,5,5,7,7,5,7,7,7
201,5,5,7,7,4,5,7,7,5,6,7,7,5,7,7,7
202,1,4,7,7,4,7,7,7,4,6,7,7,5,6,7,7
203,2,5,6,7,2,7,7,7,5,6,7,7,5,6,7,7
204,6,6,7,7,5,6,7,7,5,6,7,7,5,6,7,7
205,5,5,7,7,5,7,7,7,5,7,7,7,5,7,7,7
206,2,6,7,7,5,5,7,7,5,6,7,7,5,6,7,7
207,4,6,7,7,4,6,7,7,4,6,7,7,5,7,7,7
208,2,6,7,7,3,5,7,7,4,7,7,7,2,7,7,7
209,4,6,7,7,4,6,7,7,4,7,7,7,4,7,7,7
210,4,7,7,7,6,5,7,7,4,6,7,7,7,7,7,7
211,4,5,6,7,2,6,6,7,6,6,7,7,6,7,7,7
212,2,5,7,7,5,6,7,7,2,5,7,7,5,7,7,7
213,2,6,7,7,2,6,7,7,1,7,7,7,5,7,7,7
214,2,5,7,7,1,6,7,7,2,4,7,7,4,7,7,7
215,0,4,7,7,0,6,7,7,2,7,7,7,4,6,7,7
216,2,5,7,7,4,6,7,7,5,6,7,7,6,6,7,7
217,1,5,7,7,2,4,6,7,5,6,7,7,5,6,7,7
218,2,6,7,7,2,6,7,7,4,6,7,7,5,6,7,7
219,0,2,6,7,2,5,7,7,2,6,7,7,4,6,7,7
220,1,5,6,7,2,5,7,7,4,5,7,7,5,5,7,7
221,1,4,7,7,2,6,7,7,4,5,7,7,2,7,7,7
222,5,5,6,7,5,5,7,7,5,5,7,7,5,5,7,7
223,4,6,7,7,2,5,7,7,4,5,7,7,5,7,7,7
224,1,5,6,7,2,5,7,7,4,6,7,7,5,5,7,7
225,4,4,7,7,1,5,7,7,2,5,7,7,4,6,7,7
226,1,5,7,7,1,5,7,7,4,5,7,7,4,5,7,7
227,1,5,6,7,2,6,7,7,1,5,7,7,2,7,7,7
228,2,5,7,7,5,5,7,7,4,6,7,7,6,6,7,7
229,2,5,6,7,2,5,7,7,1,5,7,7,4,5,7,7
230,2,5,7,7,1,5,7,7,4,5,7,7,4,7,7,7
231,1,2,6,7,1,4,7,7,0,6,7,7,4,6,7,7
232,2,6,7,7,1,6,7,7,2,6,7,7,1,4,7,7
233,0,3,7,7,1,5,7,7,0,4,7,7,2,6,7,7
234,4,5,7,7,5,6,7,7,5,6,7,7,5,7,7,7
235,0,5,7,7,2,6,7,7,5,5,7,7,5,6,7,7
236,2,6,7,7,2,5,7,7,4,6,7,7,4,7,7,7
237,0,4,7,7,1,2,7,7,0,7,7,7,2,7,7,7
238,2,4,7,7,1,7,7,7,2,7,7,7,2,6,7,7
239,1,4,7,7,1,4,7,7,0,4,7,7,1,6,7,7
240,5,6,7,7,5,6,7,7,5,7,7,7,5,7,7,7
241,0,4,7,7,2,6,7,7,2,7,7,7,4,5,7,7
242,2,6,7,7,1,6,7,7,2,7,7,7,5,7,7,7
243,0,4,7,7,1,6,7,7,2,7,7,7,5,6,7,7
244,2,5,7,7,1,6,7,7,2,6,7,7,1,7,7,7
245,0,6,7,7,1,6,7,7,0,6,7,7,2,6,7,7
246,5,6,7,7,5,7,7,7,6,6,7,7,6,7,7,7
247,1,7,7,7,4,6,7,7,4,6,7,7,6,7,7,7
248,5,7,7,7,0,6,7,7,5,7,7,7,5,6,7,7
249,0,5,7,7,4,7,7,7,2,7,7,7,4,7,7,7
250,1,7,7,7,2,6,7,7,4,6,7,7,5,7,7,7
251,0,4,7,7,1,7,7,7,1,6,7,7,2,6,7,7
252,2,6,7,7,4,5,7,7,4,6,7,7,5,6,7,7
253,3,6,7,7,4,6,7,7,1,7,7,7,4,6,7,7
254,1,6,7,7,2,6,7,7,2,6,7,7,4,6,7,7
255,0,5,7,7,2,6,7,7,1,6,7,7,2,6,7,7
256,2,5,7,7,1,4,7,7,2,6,7,7,2,6,7,7
257,1,6,7,7,1,6,7,7,2,7,7,7,4,6,7,7
258,5,6,6,7,4,5,7,7,5,5,7,7,6,7,7,7
259,1,5,7,7,4,5,7,7,2,6,7,7,4,6,7,7
260,2,6,7,7,2,4,7,7,2,6,7,7,4,6,7,7
261,0,5,7,7,0,6,7,7,2,6,7,7,4,6,7,7
262,4,5,6,7,2,6,7,7,2,6,7,7,2,6,7,7
263,4,6,6,7,4,5,7,7,2,6,7,7,1,6,7,7
264,4,5,6,7,5,7,7,7,4,5,6,7,5,5,7,7
265,4,6,7,7,4,6,7,7,4,6,7,7,4,7,7,7
266,4,6,6,7,4,5,7,7,4,7,7,7,5,6,7,7
267,4,6,7,7,4,7,7,7,4,6,7,7,1,6,7,7
268,0,5,7,7,2,6,7,7,2,7,7,7,2,7,7,7
269,2,4,7,7,2,4,7,7,2,6,7,7,2,6,7,7
270,4,6,7,7,4,6,7,7,6,6,6,7,5,6,7,7
271,1,5,7,7,4,6,7,7,4,6,7,7,5,7,7,7
272,2,6,7,7,2,6,7,7,0,7,7,7,6,7,7,7
273,2,5,7,7,2,6,7,7,2,6,7,7,4,7,7,7
274,0,6,7,7,2,7,7,7,2,5,7,7,1,7,7,7
275,4,6,7,7,1,6,7,7,2,7,7,7,2,7,7,7
276,4,6,7,7,4,7,7,7,5,6,7,7,6,7,7,7
277,4,5,6,7,4,6,7,7,4,7,7,7,4,7,7,7
278,1,6,7,7,2,5,7,7,2,6,7,7,4,7,7,7
279,2,6,7,7,1,7,7,7,2,6,7,7,4,7,7,7
280,2,6,7,7,2,6,7,7,0,7,7,7,4,7,7,7
281,1,4,7,7,1,7,7,7,1,7,7,7,2,7,7,7
282,4,5,7,7,5,6,7,7,4,7,7,7,5,6,7,7
283,5,7,7,7,4,7,7,7,4,6,7,7,5,7,7,7
284,1,5,7,7,1,6,7,7,0,6,7,7,4,5,7,7
285,1,6,7,7,1,6,7,7,1,6,7,7,2,7,7,7
286,0,6,7,7,1,6,7,7,0,7,7,7,2,5,7,7
287,0,7,7,7,2,7,7,7,2,7,7,7,1,7,7,7
288,2,5,7,7,5,5,7,7,5,6,7,7,5,5,6,7
289,2,6,6,7,4,6,7,7,4,6,7,7,4,6,7,7
290,1,6,7,7,1,6,7,7,0,7,7,7,5,5,7,7
291,2,5,6,7,2,6,7,7,4,7,7,7,5,7,7,7
292,0,7,7,7,1,6,7,7,1,7,7,7,2,7,7,7
293,1,5,7,7,2,6,7,7,0,6,7,7,2,7,7,7
294,4,6,7,7,2,6,7,7,5,7,7,7,5,5,7,7
295,1,6,7,7,1,6,7,7,4,6,7,7,5,6,7,7
296,2,6,7,7,0,5,7,7,1,7,7,7,5,5,7,7
297,1,4,7,7,4,6,7,7,4,6,7,7,2,7,7,7
298,0,6,7,7,0,5,7,7,0,7,7,7,1,7,7,7
299,1,5,7,7,0,6,7,7,1,6,7,7,2,7,7,7
300,2,6,7,7,4,5,6,7,5,7,7,7,4,6,6,7
301,4,4,6,7,4,7,7,7,2,6,7,7,5,7,7,7
302,2,6,6,7,2,6,7,7,1,7,7,7,2,7,7,7
303,4,5,6,7,2,7,7,7,2,5,7,7,2,7,7,7
304,2,6,6,6,2,6,7,7,0,7,7,7,2,7,7,7
305,2,5,7,7,0,6,7,7,1,7,7,7,2,6,7,7
306,4,6,7,7,2,7,7,7,4,7,7,7,4,7,7,7
307,4,5,6,6,2,6,7,7,3,6,7,7,4,6,7,7
308,0,7,7,7,1,7,7,7,0,7,7,7,4,7,7,7
309,1,6,7,7,1,6,7,7,0,6,7,7,1,6,7,7
310,0,7,7,7,0,7,7,7,1,7,7,7,1,7,7,7
311,2,6,7,7,0,6,7,7,0,7,7,7,0,7,7,7
312,4,6,7,7,2,5,7,7,1,7,7,7,5,7,7,7
313,2,5,6,7,2,5,6,7,2,7,7,7,4,6,6,7
314,0,7,7,7,0,7,7,7,1,7,7,7,4,7,7,7
315,0,7,7,7,0,7,7,7,2,7,7,7,1,7,7,7
316,0,7,7,7,1,7,7,7,0,7,7,7,0,7,7,7
317,0,7,7,7,0,7,7,7,0,7,7,7,1,7,7,7
318,0,7,7,7,1,7,7,7,4,7,7,7,5,7,7,7
319,0,5,7,7,0,6,7,7,0,7,7,7,2,7,7,7
320,0,7,7,7,0,7,7,7,0,7,7,7,2,7,7,7
321,2,6,6,7,0,6,7,7,0,7,7,7,3,7,7,7
322,2,6,7,7,0,7,7,7,0,7,7,7,0,7,7,7
323,2,6,6,7,0,6,7,7,0,7,7,7,0,7,7,7
324,0,5,7,7,2,6,7,7,1,7,7,7,2,7,7,7
325,0,6,7,7,2,6,7,7,1,7,7,7,2,7,7,7
326,0,6,7,7,0,7,7,7,2,7,7,7,4,7,7,7
327,2,6,7,7,1,7,7,7,0,7,7,7,1,7,7,7
328,2,6,6,7,2,7,7,7,0,7,7,7,1,7,7,7
329,2,6,6,6,0,7,7,7,0,7,7,7,0,7,7,7
330,1,7,7,7,4,7,7,7,2,7,7,7,4,7,7,7
331,1,7,7,7,0,7,7,7,0,7,7,7,0,7,7,7
332,0,7,7,7,2,7,7,7,4,7,7,7,1,7,7,7
333,0,7,7,7,1,7,7,7,1,7,7,7,0,7,7,7
334,2,4,6,7,0,7,7,7,0,7,7,7,0,7,7,7
335,2,4,7,7,0,7,7,7,1,7,7,7,0,7,7,7
336,2,4,6,7,4,7,7,7,1,7,7,7,2,7,7,7
337,0,6,7,7,1,7,7,7,1,7,7,7,0,7,7,7
338,0,6,7,7,0,7,7,7,0,7,7,7,1,7,7,7
339,0,7,7,7,0,7,7,7,0,7,7,7,0,7,7,7
340,0,7,7,7,0,6,7,7,0,7,7,7,1,7,7,7
341,0,7,7,7,0,6,7,7,0,7,7,7,0,7,7,7
342,0,6,7,7,2,6,7,7,2,7,7,7,3,7,7,7
343,1,6,7,7,1,6,7,7,2,7,7,7,0,7,7,7
344,0,7,7,7,1,7,7,7,0,7,7,7,2,7,7,7
345,0,6,7,7,0,7,7,7,0,7,7,7,0,7,7,7
346,0,4,7,7,0,7,7,7,0,7,7,7,0,7,7,7
347,0,7,7,7,0,6,7,7,0,7,7,7,0,7,7,7
348,0,6,7,7,0,7,7,7,0,7,7,7,2,7,7,7
349,0,4,7,7,0,7,7,7,1,6,7,7,1,7,7,7
350,0,4,7,7,0,7,7,7,0,7,7,7,0,7,7,7
351,0,5,7,7,0,7,7,7,0,7,7,7,0,7,7,7
352,0,6,7,7,0,7,7,7,0,7,7,7,0,7,7,7
353,0,6,7,7,0,7,7,7,1,7,7,7,0,7,7,7
354,0,7,7,7,0,7,7,7,0,7,7,7,2,7,7,7
355,1,7,7,7,0,7,7,7,0,7,7,7,0,7,7,7
356,1,6,7,7,0,7,7,7,0,7,7,7,0,7,7,7
357,0,4,7,7,0,7,7,7,0,7,7,7,0,7,7,7
358,0,6,7,7,0,7,7,7,0,7,7,7,0,7,7,7
359,0,7,7,7,0,7,7,7,0,7,7,7,1,7,7,7
360,1,7,7,7,1,6,7,7,0,7,7,7,2,7,7,7
361,2,6,7,7,0,7,7,7,0,7,7,7,2,7,7,7
362,2,6,7,7,0,7,7,7,0,7,7,7,0,7,7,7
363,2,6,6,7,0,7,7,7,0,7,7,7,0,7,7,7
364,0,6,7,7,0,7,7,7,0,7,7,7,0,7,7,7
365,0,7,7,7,0,6,7,7,1,7,7,7,0,7,7,7
366,2,6,7,7,5,5,7,7,2,7,7,7,4,7,7,7
367,4,5,6,7,1,7,7,7,2,7,7,7,2,6,7,7
368,4,6,7,7,2,6,7,7,0,7,7,7,2,6,7,7
369,4,5,6,7,1,5,7,7,2,7,7,7,4,6,7,7
370,4,5,6,7,1,6,7,7,0,6,7,7,0,7,7,7
371,2,5,7,7,1,5,7,7,1,7,7,7,1,7,7,7
372,0,6,7,7,2,7,7,7,2,6,7,7,5,7,7,7
373,2,7,7,7,2,7,7,7,4,7,7,7,4,6,7,7
374,0,7,7,7,2,6,7,7,2,7,7,7,2,7,7,7
375,2,6,7,7,1,6,7,7,2,7,7,7,2,7,7,7
376,0,6,7,7,1,5,7,7,1,7,7,7,2,7,7,7
377,2,6,7,7,1,7,7,7,1,7,7,7,2,7,7,7
378,2,5,7,7,0,5,7,7,4,7,7,7,4,5,7,7
379,1,5,7,7,4,6,7,7,2,6,7,7,2,7,7,7
380,0,5,7,7,0,7,7,7,0,6,7,7,2,6,7,7
381,2,6,7,7,1,6,7,7,1,6,7,7,1,7,7,7
382,0,5,7,7,0,5,7,7,0,6,7,7,2,7,7,7
383,1,5,7,7,0,6,7,7,1,6,7,7,1,7,7,7
384,0,5,7,7,2,5,7,7,3,7,7,7,2,6,7,7
385,1,6,7,7,2,7,7,7,4,7,7,7,4,7,7,7
386,0,5,7,7,0,7,7,7,4,7,7,7,1,6,7,7
387,0,5,7,7,1,7,7,7,1,6,7,7,2,7,7,7
388,0,4,7,7,0,7,7,7,2,7,7,7,2,5,7,7
389,1,5,7,7,1,6,7,7,1,7,7,7,1,7,7,7
390,2,7,7,7,1,5,7,7,5,7,7,7,4,7,7,7
391,2,5,7,7,2,6,7,7,2,6,7,7,4,7,7,7
392,2,5,7,7,0,6,7,7,1,7,7,7,3,6,7,7
393,1,6,7,7,1,7,7,7,1,7,7,7,2,7,7,7
394,2,5,6,7,0,6,7,7,2,7,7,7,2,7,7,7
395,4,6,7,7,1,7,7,7,1,7,7,7,0,7,7,7
396,4,5,6,7,2,5,7,7,3,6,7,7,5,6,7,7
397,4,6,6,7,2,7,7,7,2,6,7,7,2,7,7,7
398,0,6,7,7,0,6,7,7,0,7,7,7,2,6,7,7
399,1,5,7,7,2,7,7,7,0,6,7,7,5,7,7,7
400,0,7,7,7,0,7,7,7,2,7,7,7,2,6,7,7
401,1,6,7,7,1,7,7,7,1,7,7,7,2,7,7,7
402,0,6,7,7,2,6,7,7,4,7,7,7,4,6,7,7
403,0,6,7,7,2,6,7,7,3,6,7,7,4,7,7,7
404,2,7,7,7,2,6,7,7,2,7,7,7,3,7,7,7
405,2,6,6,7,0,6,7,7,2,6,7,7,2,7,7,7
406,2,6,7,7,0,5,7,7,0,7,7,7,2,7,7,7
407,0,5,7,7,2,7,7,7,0,6,7,7,3,7,7,7
408,0,7,7,7,2,6,7,7,3,7,7,7,6,7,7,7
409,0,5,7,7,0,6,7,7,2,5,7,7,5,7,7,7
410,0,6,7,7,0,6,7,7,0,7,7,7,2,7,7,7
411,0,5,7,7,0,7,7,7,0,6,7,7,2,7,7,7
412,0,7,7,7,0,6,7,7,2,7,7,7,2,7,7,7
413,0,5,7,7,0,6,7,7,0,6,7,7,1,6,7,7
414,1,6,7,7,2,6,7,7,5,7,7,7,5,7,7,7
415,2,5,7,7,0,7,7,7,2,7,7,7,4,7,7,7
416,0,7,7,7,0,5,7,7,0,7,7,7,4,7,7,7
417,2,5,7,7,2,6,7,7,3,7,7,7,3,7,7,7
418,0,6,7,7,0,5,7,7,0,7,7,7,2,7,7,7
419,0,6,7,7,0,7,7,7,0,6,7,7,0,7,7,7
420,4,7,7,7,2,6,7,7,2,7,7,7,5,7,7,7
421,2,5,6,7,0,6,7,7,2,6,7,7,5,7,7,7
422,2,6,7,7,0,5,7,7,2,7,7,7,3,7,7,7
423,2,5,7,7,0,7,7,7,2,6,7,7,0,7,7,7
424,0,7,7,7,0,7,7,7,0,7,7,7,2,7,7,7
425,0,6,7,7,0,6,7,7,0,6,7,7,0,7,7,7
426,2,7,7,7,2,7,7,7,2,7,7,7,4,7,7,7
427,0,6,7,7,2,6,7,7,2,7,7,7,4,7,7,7
428,0,7,7,7,0,7,7,7,2,7,7,7,3,7,7,7
429,0,7,7,7,0,7,7,7,0,7,7,7,4,6,7,7
430,0,7,7,7,0,6,7,7,2,7,7,7,2,7,7,7
431,0,6,7,7,0,6,7,7,0,7,7,7,4,7,7,7
432,1,7,7,7,0,7,7,7,5,7,7,7,5,7,7,7
433,2,6,7,7,0,6,7,7,3,7,7,7,5,7,7,7
434,0,7,7,7,0,7,7,7,2,7,7,7,5,7,7,7
435,0,7,7,7,2,7,7,7,0,7,7,7,2,7,7,7
436,0,7,7,7,0,6,7,7,0,7,7,7,4,7,7,7
437,0,7,7,7,0,7,7,7,0,7,7,7,4,7,7,7
438,2,7,7,7,2,7,7,7,4,7,7,7,5,7,7,7
439,0,7,7,7,3,6,7,7,4,7,7,7,4,7,7,7
440,2,7,7,7,1,7,7,7,1,7,7,7,5,7,7,7
441,1,7,7,7,1,7,7,7,2,7,7,7,4,7,7,7
442,0,7,7,7,0,7,7,7,2,7,7,7,4,7,7,7
443,0,7,7,7,0,7,7,7,0,7,7,7,2,7,7,7
444,2,7,7,7,2,7,7,7,5,7,7,7,6,7,7,7
445,0,5,7,7,3,6,7,7,2,6,7,7,5,7,7,7
446,0,7,7,7,2,6,7,7,2,7,7,7,5,7,7,7
447,1,6,7,7,0,7,7,7,0,7,7,7,2,7,7,7
448,0,7,7,7,2,6,7,7,0,7,7,7,3,7,7,7
449,0,6,7,7,0,6,7,7,0,6,7,7,2,6,7,7
450,5,7,7,7,2,7,7,7,5,7,7,7,5,7,7,7
451,4,7,7,7,4,7,7,7,5,7,7,7,5,7,7,7
452,4,7,7,7,2,7,7,7,2,7,7,7,4,7,7,7
453,2,7,7,7,4,7,7,7,4,7,7,7,4,7,7,7
454,4,7,7,7,2,7,7,7,4,7,7,7,4,7,7,7
455,1,7,7,7,4,7,7,7,4,7,7,7,5,7,7,7
456,5,7,7,7,5,7,7,7,6,7,7,7,5,7,7,7
457,4,7,7,7,4,7,7,7,5,7,7,7,5,7,7,7
458,4,7,7,7,4,7,7,7,4,7,7,7,5,7,7,7
459,1,7,7,7,4,7,7,7,4,7,7,7,4,7,7,7
460,2,7,7,7,4,7,7,7,4,7,7,7,5,7,7,7
461,5,7,7,7,2,7,7,7,5,7,7,7,5,7,7,7
462,5,7,7,7,4,7,7,7,5,7,7,7,4,7,7,7
463,4,7,7,7,4,7,7,7,5,7,7,7,4,7,7,7
464,5,7,7,7,4,7,7,7,4,7,7,7,5,7,7,7
465,2,7,7,7,4,7,7,7,5,7,7,7,5,7,7,7
466,2,7,7,7,2,7,7,7,4,7,7,7,5,7,7,7
467,2,7,7,7,2,7,7,7,4,7,7,7,2,7,7,7
468,2,7,7,7,5,7,7,7,4,7,7,7,5,7,7,7
469,5,7,7,7,5,7,7,7,4,7,7,7,5,7,7,7
470,1,7,7,7,2,7,7,7,5,7,7,7,4,7,7,7
471,2,7,7,7,4,7,7,7,4,7,7,7,5,7,7,7
472,2,7,7,7,4,7,7,7,4,7,7,7,5,7,7,7
473,4,7,7,7,2,7,7,7,2,7,7,7,5,7,7,7
474,2,7,7,7,2,7,7,7,4,7,7,7,5,7,7,7
475,4,7,7,7,2,7,7,7,4,7,7,7,4,7,7,7
476,2,7,7,7,2,7,7,7,1,7,7,7,4,7,7,7
477,2,7,7,7,2,7,7,7,2,7,7,7,4,7,7,7
478,0,7,7,7,2,7,7,7,2,7,7,7,5,7,7,7
479,2,7,7,7,1,7,7,7,2,7,7,7,2,7,7,7
480,3,7,7,7,4,7,7,7,4,7,7,7,5,7,7,7
481,2,6,7,7,2,7,7,7,2,7,7,7,4,7,7,7
482,1,7,7,7,2,7,7,7,2,7,7,7,5,7,7,7
483,1,7,7,7,4,7,7,7,2,7,7,7,2,7,7,7
484,0,7,7,7,2,7,7,7,0,7,7,7,4,7,7,7
485,4,7,7,7,1,7,7,7,2,6,7,7,4,7,7,7
486,2,7,7,7,3,7,7,7,4,7,7,7,5,7,7,7
487,2,7,7,7,3,7,7,7,4,7,7,7,4,7,7,7
488,2,7,7,7,2,7,7,7,2,7,7,7,2,7,7,7
489,2,7,7,7,2,7,7,7,2,7,7,7,4,7,7,7
490,0,7,7,7,0,7,7,7,2,7,7,7,2,7,7,7
491,0,7,7,7,0,7,7,7,2,7,7,7,4,7,7,7
492,2,6,7,7,5,7,7,7,4,7,7,7,5,7,7,7
493,1,7,7,7,2,7,7,7,4,7,7,7,4,7,7,7
494,0,6,7,7,2,7,7,7,2,7,7,7,2,7,7,7
495,0,7,7,7,2,6,7,7,4,7,7,7,2,7,7,7
496,2,7,7,7,1,7,7,7,0,7,7,7,4,7,7,7
497,0,7,7,7,2,7,7,7,2,7,7,7,4,7,7,7
498,2,6,7,7,2,7,7,7,4,7,7,7,4,7,7,7
499,1,7,7,7,2,7,7,7,4,7,7,7,5,7,7,7
500,2,7,7,7,2,7,7,7,2,7,7,7,4,7,7,7
501,1,7,7,7,0,7,7,7,2,7,7,7,4,7,7,7
502,1,7,7,7,2,7,7,7,2,7,7,7,2,7,7,7
503,1,7,7,7,0,7,7,7,2,7,7,7,4,7,7,7
504,2,7,7,7,2,6,7,7,3,7,7,7,5,7,7,7
505,1,6,7,7,2,7,7,7,2,7,7,7,4,7,7,7
506,0,7,7,7,0,6,7,7,2,7,7,7,3,7,7,7
507,4,6,6,7,0,7,7,7,4,7,7,7,0,7,7,7
508,2,6,7,7,2,7,7,7,2,7,7,7,2,7,7,7
509,4,6,6,7,3,7,7,7,2,7,7,7,2,7,7,7
510,2,6,7,7,3,7,7,7,4,7,7,7,4,7,7,7
511,2,7,7,7,3,7,7,7,5,7,7,7,2,7,7,7
512,2,7,7,7,2,7,7,7,2,7,7,7,4,7,7,7
513,3,7,7,7,2,7,7,7,4,7,7,7,4,7,7,7
514,1,7,7,7,2,7,7,7,3,7,7,7,2,7,7,7
515,2,7,7,7,2,7,7,7,2,7,7,7,2,7,7,7
516,2,7,7,7,3,7,7,7,5,7,7,7,4,6,7,7
517,4,6,6,7,1,7,7,7,3,7,7,7,5,7,7,7
518,2,6,6,7,2,7,7,7,2,7,7,7,3,7,7,7
519,2,6,6,7,3,7,7,7,4,7,7,7,4,7,7,7
520,1,7,7,7,0,7,7,7,3,7,7,7,3,7,7,7
521,0,7,7,7,2,7,7,7,4,7,7,7,2,7,7,7
522,2,7,7,7,4,7,7,7,4,7,7,7,4,7,7,7
523,2,7,7,7,3,7,7,7,2,7,7,7,4,7,7,7
524,2,7,7,7,0,7,7,7,2,7,7,7,2,7,7,7
525,1,7,7,7,2,7,7,7,2,7,7,7,4,7,7,7
526,0,7,7,7,2,7,7,7,1,7,7,7,4,7,7,7
527,0,7,7,7,1,7,7,7,2,7,7,7,3,7,7,7
528,2,7,7,7,3,6,7,7,3,7,7,7,4,7,7,7
529,2,7,7,7,2,7,7,7,3,7,7,7,5,7,7,7
530,3,7,7,7,3,7,7,7,2,7,7,7,4,7,7,7
531,2,7,7,7,2,7,7,7,2,7,7,7,4,7,7,7
532,0,7,7,7,2,7,7,7,2,7,7,7,6,7,7,7
533,2,7,7,7,2,7,7,7,2,7,7,7,2,7,7,7
534,3,7,7,7,4,7,7,7,2,7,7,7,4,7,7,7
535,2,7,7,7,3,7,7,7,5,7,7,7,6,7,7,7
536,2,7,7,7,3,7,7,7,2,7,7,7,4,7,7,7
537,2,7,7,7,1,7,7,7,4,7,7,7,4,7,7,7
538,0,7,7,7,1,7,7,7,3,7,7,7,6,7,7,7
539,0,7,7,7,2,7,7,7,5,7,7,7,4,7,7,7
540,4,7,7,7,6,7,7,7,6,7,7,7,5,7,7,7
541,4,7,7,7,4,7,7,7,4,7,7,7,6,7,7,7
542,2,7,7,7,4,7,7,7,6,7,7,7,4,7,7,7
543,0,7,7,7,4,7,7,7,6,7,7,7,6,7,7,7
544,2,7,7,7,2,7,7,7,6,7,7,7,4,7,7,7
545,2,7,7,7,4,7,7,7,4,7,7,7,6,7,7,7
546,3,7,7,7,4,7,7,7,4,7,7,7,7,7,7,7
547,2,7,7,7,2,7,7,7,2,7,7,7,5,7,7,7
548,3,7,7,7,4,7,7,7,4,7,7,7,6,7,7,7
549,2,7,7,7,2,7,7,7,2,7,7,7,4,7,7,7
550,2,7,7,7,4,7,7,7,6,7,7,7,7,7,7,7
551,2,7,7,7,3,7,7,7,4,7,7,7,6,7,7,7
552,5,7,7,7,4,7,7,7,7,7,7,7,6,7,7,7
553,2,7,7,7,2,7,7,7,5,7,7,7,6,7,7,7
554,4,7,7,7,4,7,7,7,6,7,7,7,6,7,7,7
555,2,7,7,7,2,7,7,7,2,7,7,7,5,7,7,7
556,2,7,7,7,4,7,7,7,4,7,7,7,7,7,7,7
557,1,7,7,7,4,7,7,7,6,7,7,7,4,7,7,7
558,4,7,7,7,4,7,7,7,6,7,7,7,6,7,7,7
559,2,6,7,7,1,7,7,7,4,7,7,7,5,7,7,7
560,4,7,7,7,3,7,7,7,2,7,7,7,6,7,7,7
561,4,6,7,7,2,7,7,7,3,7,7,7,6,7,7,7
562,4,6,7,7,4,7,7,7,5,7,7,7,7,7,7,7
563,4,7,7,7,4,7,7,7,6,7,7,7,7,7,7,7
564,4,6,7,7,4,7,7,7,6,7,7,7,6,7,7,7
565,4,7,7,7,4,7,7,7,6,7,7,7,5,7,7,7
566,2,7,7,7,3,7,7,7,5,7,7,7,7,7,7,7
567,3,7,7,7,3,7,7,7,4,7,7,7,5,7,7,7
568,4,7,7,7,3,7,7,7,6,7,7,7,5,7,7,7
569,4,7,7,7,2,7,7,7,4,7,7,7,4,7,7,7
570,2,6,7,7,4,7,7,7,2,7,7,7,3,7,7,7
571,4,7,7,7,4,7,7,7,6,7,7,7,6,7,7,7
572,3,6,7,7,2,7,7,7,6,7,7,7,4,7,7,7
573,2,7,7,7,2,7,7,7,4,7,7,7,4,7,7,7
574,1,7,7,7,1,7,7,7,4,7,7,7,6,7,7,7
575,2,7,7,7,2,7,7,7,4,7,7,7,4,7,7,7
576,0,5,7,7,2,6,7,7,3,6,7,7,3,6,7,7
577,2,6,7,7,1,7,7,7,2,7,7,7,3,6,7,7
578,0,6,7,7,2,7,7,7,2,7,7,7,3,7,7,7
579,0,6,7,7,0,7,7,7,2,6,7,7,4,7,7,7
580,0,6,7,7,0,7,7,7,0,7,7,7,2,6,7,7
581,0,6,7,7,0,7,7,7,2,7,7,7,2,7,7,7
582,2,4,6,7,0,4,7,7,2,5,7,7,2,6,7,7
583,0,5,7,7,0,5,7,7,0,5,7,7,2,5,7,7
584,0,4,6,7,0,5,7,7,0,5,7,7,0,7,7,7
585,0,5,5,7,0,5,7,7,0,5,7,7,0,6,7,7
586,0,5,7,7,0,6,7,7,0,6,7,7,2,6,7,7
587,0,5,7,7,0,5,7,7,0,6,7,7,0,5,7,7
588,0,5,6,7,2,5,7,7,0,5,7,7,2,5,7,7
589,0,5,7,7,0,5,7,7,0,5,7,7,0,6,7,7
590,0,5,7,7,0,6,7,7,0,6,7,7,2,5,7,7
591,0,5,7,7,0,5,7,7,0,5,7,7,0,6,7,7
592,0,5,6,7,0,5,7,7,0,5,7,7,0,6,7,7
593,0,6,7,7,0,5,7,7,0,6,7,7,0,6,7,7
594,0,5,6,7,0,5,7,7,0,5,7,7,0,6,7,7
595,0,5,6,7,0,5,7,7,0,5,7,7,0,6,7,7
596,0,5,7,7,0,5,7,7,0,5,7,7,3,6,7,7
597,0,5,6,7,0,5,7,7,0,6,7,7,0,6,7,7
598,0,5,7,7,0,4,7,7,0,5,7,7,2,6,7,7
599,0,5,7,7,0,6,7,7,0,7,7,7,0,7,7,7
600,0,5,6,7,0,5,6,7,2,5,7,7,0,6,7,7
601,0,5,6,7,0,5,7,7,0,5,7,7,0,5,7,7
602,0,5,6,7,0,5,7,7,0,5,7,7,0,6,7,7
603,0,5,7,7,0,6,7,7,0,6,7,7,0,6,7,7
604,0,5,6,7,0,5,7,7,0,5,7,7,0,6,7,7
605,0,5,6,7,0,6,7,7,0,5,7,7,0,6,7,7
606,0,5,6,7,0,4,7,7,0,6,7,7,0,5,7,7
607,0,5,6,7,0,6,7,7,0,5,7,7,2,6,7,7
608,0,5,7,7,0,5,7,7,0,5,7,7,0,7,7,7
609,0,5,6,7,0,5,6,7,0,6,7,7,0,6,7,7
610,0,4,7,7,0,5,6,7,0,6,7,7,0,5,7,7
611,0,5,7,7,0,5,7,7,0,5,7,7,1,7,7,7
612,0,6,7,7,0,5,6,7,1,7,7,7,2,5,7,7
613,0,6,6,7,1,6,7,7,0,5,7,7,1,6,7,7
614,0,6,7,7,0,5,7,7,0,6,7,7,0,5,7,7
615,0,5,7,7,0,6,7,7,0,6,7,7,1,7,7,7
616,0,6,7,7,0,5,7,7,1,6,7,7,0,5,7,7
617,0,6,7,7,1,6,7,7,0,6,7,7,2,6,7,7
618,1,7,7,7,0,5,6,7,1,7,7,7,2,7,7,7
619,0,5,7,7,1,6,7,7,0,5,7,7,1,6,7,7
620,0,4,7,7,0,5,7,7,2,7,7,7,1,7,7,7
621,0,5,7,7,1,6,7,7,0,6,7,7,1,6,7,7
622,1,6,7,7,1,7,7,7,2,7,7,7,1,7,7,7
623,0,5,7,7,1,6,7,7,0,5,7,7,1,6,7,7
624,2,7,7,7,1,7,7,7,2,7,7,7,2,7,7,7
625,0,6,7,7,1,6,7,7,0,6,7,7,1,6,7,7
626,2,6,7,7,1,7,7,7,2,7,7,7,2,7,7,7
627,2,4,6,6,1,6,7,7,0,6,7,7,1,6,7,7
628,2,4,7,7,1,7,7,7,2,7,7,7,2,7,7,7
629,0,4,6,7,1,6,7,7,1,6,7,7,2,7,7,7
630,4,4,6,7,2,7,7,7,2,7,7,7,2,7,7,7
631,2,5,6,7,1,7,7,7,1,7,7,7,2,7,7,7
632,2,6,6,7,2,7,7,7,2,7,7,7,2,7,7,7
633,1,7,7,7,1,7,7,7,2,7,7,7,2,7,7,7
634,2,7,7,7,2,7,7,7,1,7,7,7,2,7,7,7
635,1,7,7,7,2,7,7,7,2,7,7,7,2,6,7,7
636,1,6,7,7,2,7,7,7,2,7,7,7,2,7,7,7
637,1,7,7,7,2,7,7,7,2,7,7,7,2,7,7,7
638,1,7,7,7,2,7,7,7,2,7,7,7,1,7,7,7
639,1,7,7,7,2,7,7,7,2,7,7,7,2,7,7,7
640,1,7,7,7,2,7,7,7,2,7,7,7,2,7,7,7
641,2,7,7,7,2,7,7,7,2,7,7,7,2,7,7,7
642,0,5,6,7,0,5,7,7,0,7,7,7,2,5,7,7
643,0,6,7,7,0,6,7,7,2,6,7,7,2,7,7,7
644,0,5,7,7,0,5,7,7,0,6,7,7,0,5,7,7
645,0,6,7,7,0,6,7,7,0,7,7,7,1,7,7,7
646,0,5,6,7,0,5,7,7,0,7,7,7,0,7,7,7
647,2,5,6,7,1,7,7,7,0,6,7,7,2,7,7,7
648,2,4,6,7,0,5,7,7,0,7,7,7,0,7,7,7
649,2,4,6,6,1,6,7,7,0,5,7,7,1,7,7,7
650,0,6,7,7,0,5,7,7,1,7,7,7,2,7,7,7
651,0,6,7,7,1,7,7,7,0,6,7,7,1,7,7,7
652,1,6,7,7,0,7,7,7,1,7,7,7,1,7,7,7
653,0,6,7,7,1,6,7,7,0,7,7,7,1,7,7,7
654,1,6,7,7,0,5,7,7,1,7,7,7,2,6,7,7
655,0,5,7,7,1,6,7,7,0,6,7,7,1,7,7,7
656,1,7,7,7,0,7,7,7,1,7,7,7,1,7,7,7
657,0,5,7,7,1,6,7,7,0,6,7,7,1,7,7,7
658,1,6,7,7,0,6,7,7,2,7,7,7,1,7,7,7
659,0,5,7,7,1,6,7,7,0,7,7,7,1,7,7,7
660,2,7,7,7,1,7,7,7,2,7,7,7,2,7,7,7
661,0,6,7,7,1,6,7,7,0,7,7,7,1,7,7,7
662,2,7,7,7,0,7,7,7,2,7,7,7,2,7,7,7
663,0,6,7,7,1,6,7,7,0,6,7,7,1,7,7,7
664,2,7,7,7,1,7,7,7,2,7,7,7,2,7,7,7
665,1,7,7,7,1,6,7,7,0,7,7,7,2,7,7,7
666,2,7,7,7,2,7,7,7,2,7,7,7,2,7,7,7
667,1,7,7,7,1,7,7,7,2,7,7,7,2,7,7,7
668,2,7,7,7,2,7,7,7,2,7,7,7,2,7,7,7
669,1,7,7,7,2,7,7,7,2,7,7,7,1,7,7,7
670,1,7,7,7,1,7,7,7,2,7,7,7,2,7,7,7
671,2,7,7,7,1,7,7,7,2,7,7,7,1,7,7,7
672,1,7,7,7,2,7,7,7,1,7,7,7,2,7,7,7
673,2,7,7,7,2,7,7,7,2,7,7,7,1,7,7,7
674,2,7,7,7,1,7,7,7,1,7,7,7,2,7,7,7
675,2,7,7,7,1,7,7,7,2,7,7,7,1,7,7,7
676,1,7,7,7,2,7,7,7,1,7,7,7,2,7,7,7
677,2,7,7,7,1,7,7,7,2,7,7,7,1,7,7,7
678,1,7,7,7,1,7,7,7,2,7,7,7,1,7,7,7
679,2,7,7,7,1,7,7,7,2,7,7,7,2,7,7,7
680,1,7,7,7,1,7,7,7,0,7,7,7,0,7,7,7
681,2,7,7,7,1,7,7,7,1,7,7,7,1,7,7,7
682,1,7,7,7,1,7,7,7,0,7,7,7,0,7,7,7
683,1,7,7,7,1,7,7,7,2,7,7,7,2,7,7,7
684,0,7,7,7,0,7,7,7,1,7,7,7,1,7,7,7
685,1,7,7,7,2,7,7,7,0,7,7,7,1,7,7,7
686,0,7,7,7,0,7,7,7,0,7,7,7,1,7,7,7
687,1,7,7,7,1,7,7,7,0,7,7,7,2,7,7,7
688,1,7,7,7,0,7,7,7,2,7,7,7,2,7,7,7
689,0,7,7,7,1,7,7,7,0,7,7,7,2,7,7,7
690,0,0,0,5,0,0,0,5,0,0,4,5,0,0,2,5
691,0,0,0,5,0,0,2,5,0,0,2,6,0,0,2,6
692,0,0,1,4,0,0,1,5,0,0,4,6,0,0,4,6
693,0,0,0,5,0,0,1,6,0,0,4,5,0,0,4,7
694,0,0,1,6,0,0,1,5,0,0,5,7,0,0,4,6
695,0,0,0,6,0,0,2,5,0,0,4,7,0,0,4,7
696,2,3,4,4,0,0,3,3,0,0,4,5,0,1,4,4
697,0,2,4,4,0,0,3,3,0,2,4,4,0,4,4,5
698,0,0,4,4,0,0,4,4,0,2,2,5,0,0,4,5
699,0,0,2,4,0,0,3,3,0,2,4,5,0,1,4,4
700,0,0,2,5,0,0,4,4,0,0,5,6,0,2,4,4
701,0,2,4,4,0,1,5,5,0,0,4,4,0,2,4,4
702,0,2,3,7,0,2,4,7,0,2,7,7,0,2,7,7
703,0,2,3,7,0,2,7,7,0,2,6,7,0,2,6,7
704,0,0,4,7,0,3,6,7,0,2,7,7,0,3,7,7
705,0,2,4,7,0,4,7,7,0,1,4,7,0,4,7,7
706,0,2,4,7,0,1,6,7,0,4,7,7,0,4,7,7
707,0,2,7,7,0,4,7,7,0,3,7,7,0,4,7,7
708,0,0,2,7,0,0,4,7,0,2,3,7,0,2,6,7
709,0,0,2,7,0,0,4,7,0,1,4,7,0,2,4,7
710,0,2,2,7,0,1,2,7,0,3,3,7,0,3,4,7
711,0,2,2,7,0,1,2,7,0,0,4,7,0,1,5,7
712,0,1,2,7,0,0,2,7,0,3,6,7,0,2,4,7
713,0,0,2,7,0,1,2,7,0,2,5,7,0,2,5,7
714,0,5,7,7,0,4,6,7,0,5,7,7,0,5,7,7
715,0,4,6,7,0,4,5,7,0,5,7,7,0,5,7,7
716,0,4,6,7,0,4,7,7,0,4,7,7,0,5,7,7
717,0,4,6,7,0,5,7,7,0,4,6,7,0,5,7,7
718,0,5,5,7,0,4,6,7,0,4,6,7,0,5,7,7
719,0,2,6,7,0,4,7,7,0,5,7,7,0,5,7,7
720,2,6,7,7,2,4,7,7,0,6,7,7,3,6,7,7
721,0,4,7,7,0,5,7,7,0,5,7,7,2,6,7,7
722,0,5,7,7,0,5,7,7,0,6,7,7,0,5,7,7
723,0,6,7,7,0,5,7,7,0,5,7,7,2,5,7,7
724,0,5,7,7,0,6,7,7,0,6,7,7,0,5,7,7
725,0,6,7,7,0,5,7,7,2,6,7,7,0,6,7,7
726,0,5,6,7,2,5,7,7,0,6,7,7,4,5,7,7
727,0,5,7,7,0,5,7,7,2,6,7,7,0,5,7,7
728,0,5,7,7,0,5,7,7,0,6,7,7,0,6,7,7
729,0,5,7,7,0,5,7,7,0,6,7,7,0,5,7,7
730,0,4,7,7,2,5,7,7,0,6,7,7,0,7,7,7
731,0,6,7,7,0,5,7,7,0,6,7,7,0,5,7,7
732,0,5,7,7,0,6,7,7,0,6,7,7,2,5,7,7
733,0,5,7,7,0,5,7,7,2,6,7,7,0,5,7,7
734,0,5,7,7,0,5,7,7,1,6,7,7,1,6,7,7
735,0,4,7,7,0,4,7,7,0,5,7,7,0,6,7,7
736,0,4,7,7,0,6,7,7,1,6,7,7,1,6,7,7
737,0,4,7,7,0,5,7,7,0,6,7,7,1,7,7,7
738,0,5,7,7,0,5,7,7,2,6,7,7,2,6,7,7
739,0,5,7,7,0,5,7,7,0,5,7,7,1,6,7,7
740,0,4,6,7,0,5,7,7,1,7,7,7,1,6,7,7
741,0,5,7,7,0,5,7,7,0,4,7,7,1,7,7,7
742,0,2,7,7,0,4,7,7,1,6,7,7,1,7,7,7
743,0,5,7,7,0,5,7,7,0,6,7,7,1,6,7,7
744,0,4,7,7,1,6,7,7,2,7,7,7,2,6,7,7
745,0,6,7,7,0,5,7,7,0,5,7,7,1,7,7,7
746,0,5,7,7,2,6,7,7,2,7,7,7,2,6,7,7
747,0,5,7,7,0,5,7,7,0,5,7,7,2,7,7,7
748,1,6,7,7,1,6,7,7,1,7,7,7,1,6,7,7
749,0,5,7,7,1,6,7,7,0,4,7,7,4,7,7,7
750,2,7,7,7,0,5,7,7,2,6,7,7,2,6,7,7
751,0,5,7,7,0,4,7,7,0,5,7,7,1,6,7,7
752,0,4,7,7,0,5,7,7,2,6,7,7,2,7,7,7
753,0,5,7,7,0,5,7,7,0,6,7,7,1,6,7,7
754,1,6,7,7,1,6,7,7,2,7,7,7,0,7,7,7
755,0,5,7,7,0,6,7,7,0,7,7,7,2,7,7,7
756,0,7,7,7,1,6,7,7,1,7,7,7,2,6,7,7
757,0,5,7,7,2,6,7,7,1,6,7,7,2,7,7,7
758,1,7,7,7,1,4,7,7,2,7,7,7,0,6,7,7
759,0,5,7,7,0,6,7,7,2,6,7,7,2,6,7,7
760,2,6,7,7,1,6,7,7,0,7,7,7,1,7,7,7
761,0,4,6,7,1,7,7,7,1,7,7,7,0,7,7,7
762,1,6,7,7,1,6,7,7,2,7,7,7,2,6,7,7
763,0,5,7,7,0,5,7,7,1,6,7,7,2,7,7,7
764,1,6,7,7,0,5,7,7,2,7,7,7,0,7,7,7
765,0,5,7,7,2,7,7,7,0,6,7,7,2,7,7,7
766,1,6,7,7,1,6,7,7,1,7,7,7,0,6,7,7
767,0,4,7,7,1,6,7,7,1,6,7,7,2,7,7,7
768,2,7,7,7,1,6,7,7,2,7,7,7,2,6,7,7
769,0,6,7,7,1,6,7,7,0,6,7,7,2,7,7,7
770,2,7,7,7,0,6,7,7,2,7,7,7,1,6,7,7
771,0,5,6,7,1,6,7,7,0,6,7,7,1,7,7,7
772,1,7,7,7,0,6,7,7,1,7,7,7,1,6,7,7
773,0,5,7,7,2,7,7,7,1,6,7,7,1,7,7,7
774,4,6,7,7,2,6,7,7,1,7,7,7,0,6,7,7
775,2,5,7,7,1,6,7,7,2,6,7,7,1,7,7,7
776,4,6,6,7,1,6,7,7,4,7,7,7,0,6,7,7
777,0,4,7,7,0,6,7,7,1,4,7,7,1,7,7,7
778,0,7,7,7,0,4,7,7,0,7,7,7,1,7,7,7
779,1,3,7,7,1,7,7,7,2,6,7,7,1,7,7,7
780,0,7,7,7,1,7,7,7,1,7,7,7,2,7,7,7
781,0,4,7,7,2,6,7,7,0,3,7,7,2,7,7,7
782,2,7,7,7,0,6,7,7,0,7,7,7,1,7,7,7
783,1,4,7,7,0,6,7,7,2,6,7,7,1,7,7,7
784,1,7,7,7,2,7,7,7,0,7,7,7,0,6,7,7
785,0,4,7,7,1,7,7,7,0,7,7,7,2,7,7,7
786,4,7,7,7,0,6,7,7,1,7,7,7,1,7,7,7
787,0,4,7,7,1,6,7,7,1,6,7,7,1,7,7,7
788,1,7,7,7,1,4,7,7,1,7,7,7,1,7,7,7
789,0,4,7,7,0,6,7,7,1,6,7,7,2,7,7,7
790,1,7,7,7,0,6,7,7,1,7,7,7,1,7,7,7
791,1,6,7,7,1,7,7,7,0,4,7,7,2,7,7,7
792,1,7,7,7,0,4,6,7,1,7,7,7,1,7,7,7
793,1,2,7,7,1,7,7,7,1,6,7,7,2,7,7,7
794,1,6,7,7,0,6,7,7,0,7,7,7,1,7,7,7
795,1,4,7,7,0,7,7,7,0,6,7,7,0,7,7,7
796,1,7,7,7,0,6,7,7,0,7,7,7,1,7,7,7
797,1,6,7,7,1,7,7,7,1,7,7,7,0,7,7,7
798,2,7,7,7,0,6,7,7,2,7,7,7,2,7,7,7
799,0,4,7,7,0,6,7,7,1,6,7,7,1,7,7,7
800,0,7,7,7,0,6,7,7,0,7,7,7,1,7,7,7
801,1,6,6,7,1,7,7,7,2,7,7,7,1,7,7,7
802,0,7,7,7,0,4,7,7,0,7,7,7,1,7,7,7
803,1,6,7,7,1,7,7,7,2,7,7,7,1,7,7,7
804,0,6,7,7,1,7,7,7,0,7,7,7,1,7,7,7
805,1,4,7,7,0,7,7,7,0,7,7,7,0,7,7,7
806,0,7,7,7,0,6,7,7,0,7,7,7,1,7,7,7
807,1,6,6,7,1,6,7,7,1,7,7,7,1,7,7,7
808,0,4,7,7,1,7,7,7,0,7,7,7,1,7,7,7
809,1,7,7,7,0,7,7,7,1,7,7,7,0,7,7,7
810,0,7,7,7,0,6,7,7,2,7,7,7,2,6,7,7
811,0,2,6,7,1,6,7,7,1,7,7,7,1,6,7,7
812,1,7,7,7,0,6,7,7,1,7,7,7,2,7,7,7
813,0,4,7,7,1,7,7,7,1,6,7,7,1,7,7,7
814,0,7,7,7,0,6,7,7,0,7,7,7,1,7,7,7
815,1,6,7,7,1,7,7,7,1,7,7,7,1,7,7,7
816,0,7,7,7,1,7,7,7,0,7,7,7,1,7,7,7
817,0,5,7,7,1,7,7,7,1,6,7,7,4,7,7,7
818,0,7,7,7,0,6,7,7,0,7,7,7,1,7,7,7
819,1,7,7,7,1,7,7,7,1,7,7,7,0,7,7,7
820,0,6,7,7,0,7,7,7,0,7,7,7,0,7,7,7
821,1,7,7,7,1,7,7,7,1,7,7,7,1,7,7,7
822,0,6,7,7,1,7,7,7,0,7,7,7,2,7,7,7
823,1,6,7,7,0,7,7,7,2,7,7,7,2,7,7,7
824,0,7,7,7,1,7,7,7,0,7,7,7,1,7,7,7
825,0,6,7,7,1,7,7,7,0,7,7,7,1,7,7,7
826,0,7,7,7,0,7,7,7,0,7,7,7,0,7,7,7
827,1,7,7,7,0,7,7,7,1,7,7,7,0,7,7,7
828,0,7,7,7,1,7,7,7,0,7,7,7,0,7,7,7
829,1,6,7,7,0,7,7,7,0,7,7,7,1,7,7,7
830,0,7,7,7,1,7,7,7,0,7,7,7,0,7,7,7
831,1,7,7,7,0,7,7,7,0,7,7,7,0,7,7,7
832,0,7,7,7,1,7,7,7,0,7,7,7,0,7,7,7
833,0,6,7,7,0,7,7,7,0,7,7,7,0,7,7,7
834,1,6,7,7,0,4,7,7,1,7,7,7,1,7,7,7
835,2,5,6,7,1,7,7,7,0,4,7,7,1,7,7,7
836,2,6,7,7,1,7,7,7,0,7,7,7,1,7,7,7
837,1,6,7,7,0,6,7,7,1,6,7,7,0,7,7,7
838,0,7,7,7,0,6,7,7,1,7,7,7,0,6,7,7
839,0,7,7,7,1,7,7,7,2,7,7,7,0,7,7,7
840,0,4,7,7,0,5,7,7,0,7,7,7,4,7,7,7
841,1,6,7,7,0,4,7,7,0,7,7,7,1,7,7,7
842,0,4,7,7,0,6,7,7,0,7,7,7,0,7,7,7
843,0,2,6,7,1,6,7,7,0,7,7,7,0,7,7,7
844,0,7,7,7,1,7,7,7,0,7,7,7,0,7,7,7
845,0,7,7,7,0,7,7,7,0,7,7,7,1,7,7,7
846,0,4,7,7,0,6,7,7,0,6,7,7,1,7,7,7
847,0,5,5,7,0,4,7,7,2,6,7,7,0,6,7,7
848,0,4,7,7,0,7,7,7,0,6,7,7,0,7,7,7
849,1,4,6,7,0,6,7,7,1,6,7,7,1,7,7,7
850,0,7,7,7,0,6,7,7,0,7,7,7,0,7,7,7
851,1,4,7,7,0,6,7,7,0,7,7,7,0,7,7,7
852,0,4,7,7,0,6,7,7,0,4,7,7,0,7,7,7
853,0,3,7,7,0,6,7,7,0,6,7,7,0,7,7,7
854,0,3,7,7,0,6,7,7,0,7,7,7,0,7,7,7
855,0,6,7,7,0,7,7,7,0,6,7,7,1,7,7,7
856,0,4,7,7,0,4,7,7,0,4,7,7,0,7,7,7
857,0,3,7,7,0,6,7,7,0,7,7,7,0,7,7,7
858,0,7,7,7,0,6,7,7,0,7,7,7,1,7,7,7
859,0,6,7,7,0,6,7,7,0,6,7,7,0,7,7,7
860,0,6,7,7,0,6,7,7,0,7,7,7,0,7,7,7
861,0,3,6,7,1,7,7,7,0,7,7,7,0,7,7,7
862,0,6,7,7,0,7,7,7,0,7,7,7,0,7,7,7
863,0,6,7,7,0,6,7,7,0,7,7,7,0,7,7,7
864,0,4,7,7,1,6,7,7,0,6,7,7,0,7,7,7
865,0,6,7,7,0,6,7,7,0,6,7,7,1,6,7,7
866,0,6,7,7,0,6,7,7,0,4,7,7,0,7,7,7
867,0,4,7,7,0,7,7,7,0,6,7,7,0,7,7,7
868,0,4,7,7,0,7,7,7,0,7,7,7,0,7,7,7
869,0,3,7,7,0,4,7,7,0,4,7,7,0,7,7,7
870,0,6,7,7,0,6,7,7,0,7,7,7,0,7,7,7
871,1,6,7,7,0,4,7,7,0,7,7,7,0,7,7,7
872,0,4,7,7,0,4,7,7,0,7,7,7,0,7,7,7
873,0,4,7,7,0,6,7,7,0,6,7,7,0,7,7,7
874,2,6,6,7,0,7,7,7,0,7,7,7,0,7,7,7
875,1,4,6,7,0,7,7,7,0,7,7,7,0,7,7,7
876,2,4,6,7,0,5,7,7,0,7,7,7,0,7,7,7
877,0,3,7,7,0,7,7,7,0,6,7,7,0,7,7,7
878,0,4,7,7,0,4,7,7,0,5,7,7,0,6,7,7
879,1,4,7,7,0,7,7,7,0,6,7,7,0,6,7,7
880,0,4,7,7,0,4,7,7,0,7,7,7,0,7,7,7
881,0,7,7,7,0,6,7,7,0,7,7,7,0,7,7,7
882,0,4,7,7,0,6,7,7,0,7,7,7,2,7,7,7
883,0,4,7,7,0,7,7,7,0,6,7,7,0,7,7,7
884,0,7,7,7,0,4,7,7,0,7,7,7,0,7,7,7
885,0,3,7,7,0,4,7,7,0,7,7,7,0,7,7,7
886,0,7,7,7,0,6,7,7,0,7,7,7,0,7,7,7
887,0,7,7,7,0,7,7,7,0,6,7,7,0,7,7,7
888,0,6,7,7,0,4,7,7,0,4,7,7,0,7,7,7
889,0,4,7,7,0,7,7,7,0,6,7,7,0,6,7,7
890,0,6,7,7,0,7,7,7,0,7,7,7,0,7,7,7
891,0,7,7,7,0,7,7,7,0,6,7,7,0,7,7,7
892,0,6,7,7,0,7,7,7,0,7,7,7,0,7,7,7
893,0,6,7,7,0,7,7,7,0,7,7,7,0,7,7,7
894,0,4,7,7,0,6,7,7,0,7,7,7,2,7,7,7
895,0,4,7,7,0,7,7,7,0,6,7,7,0,7,7,7
896,0,4,7,7,0,7,7,7,0,7,7,7,0,7,7,7
897,0,5,7,7,0,7,7,7,0,7,7,7,0,7,7,7
898,0,2,7,7,0,7,7,7,0,7,7,7,0,7,7,7
899,0,6,7,7,0,6,7,7,0,7,7,7,0,7,7,7
900,0,4,6,7,0,5,7,7,0,5,7,7,0,5,7,7
901,0,4,7,7,0,5,7,7,0,4,7,7,0,6,7,7
902,0,2,6,7,0,4,7,7,0,4,7,7,0,5,7,7
903,0,5,7,7,0,2,7,7,0,2,7,7,0,5,7,7
904,0,4,7,7,0,4,7,7,0,5,7,7,0,5,7,7
905,0,4,7,7,0,4,7,7,0,5,7,7,0,5,7,7
906,0,5,6,7,0,5,7,7,0,5,7,7,2,5,7,7
907,0,4,6,7,0,4,7,7,0,5,7,7,0,5,7,7
908,0,4,6,7,0,5,7,7,0,5,7,7,0,5,7,7
909,0,4,7,7,0,4,7,7,0,4,7,7,0,6,7,7
910,0,2,7,7,0,5,7,7,0,2,7,7,0,5,7,7
911,0,2,7,7,0,5,7,7,0,4,7,7,0,6,7,7
912,0,5,7,7,0,4,7,7,2,5,7,7,0,5,7,7
913,0,4,7,7,0,4,7,7,0,5,6,7,0,4,7,7
914,0,4,6,7,0,2,7,7,0,6,7,7,0,5,7,7
915,0,2,6,7,0,4,7,7,0,4,7,7,0,5,7,7
916,0,4,6,7,0,2,7,7,0,5,7,7,0,4,7,7
917,0,2,7,7,0,4,7,7,0,5,7,7,0,4,7,7
918,0,5,7,7,0,5,7,7,2,6,7,7,0,5,7,7
919,0,5,6,7,0,6,7,7,0,5,7,7,0,6,7,7
920,0,5,7,7,0,4,7,7,0,6,7,7,0,6,7,7
921,0,4,7,7,0,5,7,7,0,5,7,7,0,7,7,7
922,0,5,7,7,0,6,7,7,0,6,7,7,0,6,7,7
923,1,5,7,7,0,6,7,7,0,4,7,7,0,5,7,7
924,1,4,7,7,0,3,7,7,0,7,7,7,2,7,7,7
925,0,1,6,7,0,4,7,7,0,4,7,7,0,6,7,7
926,0,4,6,7,0,4,7,7,0,4,7,7,1,7,7,7
927,0,3,7,7,0,6,7,7,0,4,7,7,0,7,7,7
928,0,6,7,7,0,4,7,7,0,6,7,7,1,7,7,7
929,0,4,7,7,0,4,7,7,0,4,7,7,0,7,7,7
930,0,2,7,7,0,4,7,7,0,6,7,7,1,6,7,7
931,0,2,7,7,0,4,7,7,0,4,7,7,0,6,7,7
932,1,3,7,7,0,4,6,7,1,6,7,7,0,6,7,7
933,0,2,7,7,0,3,7,7,1,4,7,7,0,6,7,7
934,0,3,7,7,0,6,7,7,0,6,7,7,1,7,7,7
935,0,3,7,7,1,6,7,7,0,4,7,7,0,7,7,7
936,0,4,7,7,0,3,7,7,1,7,7,7,1,7,7,7
937,0,2,6,7,1,4,7,7,0,6,7,7,0,7,7,7
938,0,4,7,7,0,4,7,7,0,6,7,7,0,7,7,7
939,0,3,7,7,0,7,7,7,1,6,7,7,1,7,7,7
940,0,4,7,7,0,6,7,7,0,6,7,7,0,7,7,7
941,0,2,6,7,0,4,7,7,0,7,7,7,0,7,7,7
942,1,3,7,7,0,6,7,7,0,6,7,7,0,7,7,7
943,0,2,7,7,1,7,7,7,1,4,7,7,0,6,7,7
944,0,6,7,7,0,4,7,7,0,7,7,7,1,7,7,7
945,0,4,7,7,0,6,7,7,1,7,7,7,0,7,7,7
946,0,6,7,7,0,6,7,7,0,6,7,7,0,7,7,7
947,0,4,7,7,0,6,7,7,0,7,7,7,0,7,7,7
948,0,4,7,7,0,4,7,7,0,7,7,7,0,7,7,7
949,0,3,6,7,0,4,7,7,0,6,7,7,0,7,7,7
950,0,6,7,7,1,6,7,7,0,7,7,7,0,7,7,7
951,0,4,7,7,0,6,7,7,0,7,7,7,0,6,7,7
952,1,4,7,7,0,6,7,7,0,7,7,7,0,7,7,7
953,0,4,7,7,0,6,7,7,0,6,7,7,0,7,7,7
954,0,4,7,7,0,6,7,7,0,6,7,7,0,7,7,7
955,0,4,6,7,1,4,7,7,0,6,7,7,0,7,7,7
956,0,6,7,7,0,6,7,7,0,6,7,7,0,7,7,7
957,0,2,6,7,0,7,7,7,0,7,7,7,0,7,7,7
958,0,4,7,7,0,6,7,7,0,7,7,7,0,7,7,7
959,0,6,7,7,0,7,7,7,0,7,7,7,0,6,7,7
960,0,2,7,7,0,2,7,7,0,3,7,7,0,4,7,7
961,0,2,7,7,0,3,7,7,0,4,7,7,0,4,7,7
962,0,3,6,7,0,4,7,7,0,3,7,7,0,6,7,7
963,0,3,7,7,0,3,7,7,0,3,7,7,0,4,7,7
964,0,2,7,7,0,3,7,7,0,4,7,7,0,6,7,7
965,0,4,7,7,0,3,7,7,0,4,7,7,0,4,7,7
966,0,1,7,7,0,2,7,7,0,1,7,7,0,3,7,7
967,0,2,6,7,0,3,7,7,0,3,7,7,0,3,7,7
968,0,2,7,7,0,3,7,7,0,6,7,7,0,6,7,7
969,0,3,6,7,0,3,6,7,0,4,7,7,0,2,7,7
970,0,1,7,7,0,3,7,7,0,3,7,7,0,4,7,7
971,0,3,6,7,0,4,7,7,0,3,7,7,0,6,7,7
972,0,0,7,7,0,0,7,7,0,1,7,7,0,4,7,7
973,0,2,6,7,0,1,7,7,0,4,7,7,0,2,7,7
974,0,2,7,7,0,3,7,7,0,3,7,7,0,3,7,7
975,0,1,7,7,0,2,7,7,0,3,7,7,0,4,7,7
976,0,2,7,7,0,3,7,7,0,3,7,7,0,3,7,7
977,0,1,6,7,0,2,7,7,0,4,7,7,0,4,7,7
978,0,0,7,7,0,0,7,7,0,4,7,7,0,3,7,7
979,0,1,6,7,0,2,7,7,0,3,7,7,0,4,7,7
980,0,0,7,7,0,2,7,7,0,3,7,7,0,5,7,7
981,0,1,6,7,0,2,7,7,0,3,7,7,0,4,7,7
982,0,0,7,7,0,2,7,7,0,4,7,7,0,4,7,7
983,0,0,7,7,0,2,7,7,0,4,7,7,0,6,7,7
984,4,4,6,7,0,6,7,7,0,6,7,7,1,7,7,7
985,2,4,6,7,0,4,7,7,0,4,7,7,1,7,7,7
986,2,4,6,7,1,4,7,7,2,6,7,7,1,6,7,7
987,0,3,7,7,1,4,7,7,0,4,7,7,1,7,7,7
988,1,3,7,7,1,4,7,7,2,6,7,7,1,6,7,7
989,0,3,7,7,1,6,7,7,1,4,7,7,1,7,7,7
990,2,4,7,7,1,4,7,7,2,6,7,7,2,6,7,7
991,2,4,6,7,1,3,7,7,1,6,7,7,2,6,7,7
992,1,2,4,7,1,4,7,7,1,4,7,7,1,7,7,7
993,2,4,6,7,2,4,7,7,1,4,7,7,2,7,7,7
994,1,4,7,7,2,4,7,7,1,4,7,7,2,6,7,7
995,0,3,6,7,1,6,7,7,1,7,7,7,2,4,7,7
996,0,4,7,7,1,4,7,7,1,4,7,7,0,4,7,7
997,1,3,7,7,2,6,7,7,1,3,7,7,1,6,7,7
998,1,4,7,7,2,4,7,7,1,6,7,7,0,4,7,7
999,1,3,7,7,1,4,7,7,2,6,7,7,1,4,7,7
1000,0,4,7,7,0,4,7,7,0,4,7,7,2,4,7,7
1001,1,4,7,7,1,4,7,7,1,6,7,7,0,6,7,7
1002,1,4,7,7,1,4,7,7,2,7,7,7,1,6,7,7
1003,0,2,7,7,1,3,7,7,1,6,7,7,1,6,7,7
1004,1,4,7,7,1,4,7,7,1,4,7,7,1,6,7,7
1005,1,3,7,7,0,4,7,7,0,4,7,7,2,4,7,7
1006,2,4,7,7,0,4,7,7,1,4,7,7,2,7,7,7
1007,2,4,7,7,2,4,7,7,2,6,7,7,1,7,7,7
1008,1,4,6,7,0,4,7,7,1,6,7,7,0,7,7,7
1009,1,3,6,7,1,6,7,7,0,6,7,7,0,6,7,7
1010,0,4,6,7,0,4,6,7,0,6,7,7,0,6,7,7
1011,2,4,7,7,0,4,7,7,0,4,7,7,0,6,7,7
1012,1,4,7,7,0,6,7,7,2,7,7,7,0,6,7,7
1013,0,4,7,7,0,4,7,7,1,4,7,7,0,6,7,7
1014,1,4,6,7,1,4,7,7,0,4,7,7,1,6,7,7
1015,2,4,7,7,1,4,7,7,1,4,7,7,1,6,7,7
1016,1,4,6,7,1,4,7,7,0,7,7,7,1,4,7,7
1017,0,4,7,7,0,4,7,7,0,4,7,7,0,4,7,7
1018,0,4,7,7,0,6,7,7,0,4,7,7,0,7,7,7
1019,2,4,7,7,0,4,7,7,0,4,7,7,1,6,7,7
1020,0,4,7,7,0,4,7,7,0,4,7,7,0,7,7,7
1021,1,4,6,7,0,4,7,7,0,6,7,7,0,6,7,7
1022,0,4,7,7,0,6,7,7,0,6,7,7,0,7,7,7
1023,0,4,7,7,1,4,7,7,2,6,7,7,0,6,7,7
1024,0,4,7,7,0,4,7,7,0,7,7,7,0,6,7,7
1025,0,4,7,7,0,4,7,7,0,6,7,7,0,6,7,7
1026,0,6,7,7,0,6,7,7,0,7,7,7,0,7,7,7
1027,0,6,7,7,0,6,7,7,0,6,7,7,0,7,7,7
1028,0,6,7,7,0,4,7,7,0,7,7,7,0,7,7,7
1029,0,4,7,7,0,7,7,7,0,6,7,7,0,7,7,7
1030,0,6,7,7,0,6,7,7,0,6,7,7,0,7,7,7
1031,0,6,7,7,0,7,7,7,0,7,7,7,0,7,7,7
1032,0,3,7,7,0,6,7,7,0,7,7,7,0,7,7,7
1033,0,4,7,7,0,4,7,7,0,7,7,7,0,7,7,7
1034,0,6,7,7,0,7,7,7,0,7,7,7,0,7,7,7
1035,0,6,7,7,0,6,7,7,0,7,7,7,0,7,7,7
1036,0,7,7,7,0,6,7,7,0,7,7,7,0,7,7,7
1037,0,4,7,7,0,4,7,7,0,7,7,7,0,7,7,7
1038,0,6,7,7,0,7,7,7,0,7,7,7,0,7,7,7
1039,0,7,7,7,0,7,7,7,0,7,7,7,0,7,7,7
1040,0,6,7,7,0,6,7,7,0,7,7,7,0,7,7,7
1041,0,6,7,7,0,6,7,7,0,7,7,7,0,7,7,7
1042,0,6,7,7,0,7,7,7,0,7,7,7,0,7,7,7
1043,0,7,7,7,0,7,7,7,0,7,7,7,0,7,7,7
1044,0,3,7,7,0,7,7,7,0,7,7,7,0,7,7,7
1045,0,4,7,7,0,4,7,7,0,7,7,7,0,7,7,7
1046,0,4,7,7,0,4,7,7,0,7,7,7,0,7,7,7
1047,0,4,7,7,0,7,7,7,0,7,7,7,0,7,7,7
1048,0,6,7,7,0,6,7,7,0,7,7,7,0,7,7,7
1049,0,4,7,7,0,7,7,7,0,7,7,7,0,7,7,7
1050,0,3,7,7,0,6,7,7,0,7,7,7,0,7,7,7
1051,0,6,7,7,0,6,7,7,0,7,7,7,0,7,7,7
1052,0,4,7,7,0,7,7,7,0,7,7,7,0,7,7,7
1053,0,6,7,7,0,7,7,7,0,6,7,7,0,7,7,7
1054,0,4,7,7,0,7,7,7,0,7,7,7,0,7,7,7
1055,0,6,7,7,0,6,7,7,0,7,7,7,0,7,7,7
1056,0,6,7,7,0,7,7,7,0,7,7,7,0,7,7,7
1057,0,3,7,7,0,7,7,7,0,7,7,7,0,7,7,7
1058,0,4,7,7,0,7,7,7,0,7,7,7,0,7,7,7
1059,0,4,7,7,0,6,7,7,0,7,7,7,0,7,7,7
1060,0,7,7,7,0,7,7,7,0,7,7,7,0,7,7,7
1061,0,6,7,7,0,7,7,7,0,7,7,7,0,7,7,7
1062,0,7,7,7,0,7,7,7,0,7,7,7,0,7,7,7
1063,0,4,7,7,0,7,7,7,0,7,7,7,0,7,7,7
1064,0,6,7,7,0,7,7,7,0,7,7,7,0,7,7,7
1065,0,7,7,7,0,7,7,7,0,7,7,7,0,7,7,7
1066,0,7,7,7,0,7,7,7,0,7,7,7,0,7,7,7
1067,0,6,7,7,0,7,7,7,0,7,7,7,0,7,7,7
1068,0,6,7,7,0,7,7,7,0,7,7,7,0,7,7,7
1069,1,4,7,7,0,6,7,7,0,7,7,7,0,6,7,7
1070,0,6,7,7,1,6,7,7,0,7,7,7,0,7,7,7
1071,0,4,7,7,0,6,7,7,0,6,7,7,0,7,7,7
1072,0,6,7,7,0,6,7,7,0,7,7,7,0,7,7,7
1073,0,6,7,7,0,4,7,7,0,4,7,7,0,7,7,7
1074,0,6,7,7,0,6,7,7,0,7,7,7,0,7,7,7
1075,1,4,7,7,0,6,7,7,0,6,7,7,1,7,7,7
1076,0,7,7,7,1,6,7,7,0,7,7,7,0,6,7,7
1077,0,4,7,7,0,7,7,7,0,6,7,7,0,7,7,7
1078,0,7,7,7,0,7,7,7,0,7,7,7,0,7,7,7
1079,1,4,7,7,0,4,7,7,0,7,7,7,0,7,7,7
1080,0,7,7,7,1,7,7,7,0,6,7,7,0,6,7,7
1081,2,4,7,7,1,6,7,7,1,7,7,7,0,6,7,7
1082,0,6,7,7,1,6,7,7,1,7,7,7,0,7,7,7
1083,0,4,7,7,1,4,7,7,0,7,7,7,2,6,7,7
1084,0,6,7,7,1,6,7,7,0,7,7,7,0,7,7,7
1085,0,4,7,7,1,6,7,7,0,7,7,7,1,7,7,7
1086,0,7,7,7,0,7,7,7,0,7,7,7,0,7,7,7
1087,0,6,7,7,0,7,7,7,0,6,7,7,0,7,7,7
1088,0,7,7,7,0,7,7,7,0,7,7,7,0,7,7,7
1089,1,7,7,7,0,7,7,7,0,7,7,7,0,7,7,7
1090,0,7,7,7,0,7,7,7,0,7,7,7,0,7,7,7
1091,0,7,7,7,0,7,7,7,0,7,7,7,0,7,7,7
1092,0,7,7,7,0,6,7,7,0,7,7,7,0,7,7,7
1093,0,7,7,7,0,7,7,7,0,7,7,7,0,7,7,7
1094,0,6,7,7,0,7,7,7,0,7,7,7,0,7,7,7
1095,0,6,7,7,0,7,7,7,0,7,7,7,0,7,7,7
1096,0,7,7,7,0,7,7,7,0,7,7,7,0,7,7,7
1097,0,7,7,7,0,7,7,7,0,7,7,7,0,7,7,7
1098,0,4,7,7,0,6,7,7,0,7,7,7,0,7,7,7
1099,0,7,7,7,0,7,7,7,0,6,7,7,0,7,7,7
1100,0,6,7,7,0,6,7,7,0,7,7,7,0,7,7,7
1101,0,7,7,7,0,7,7,7,0,7,7,7,0,7,7,7
1102,0,7,7,7,0,7,7,7,0,7,7,7,0,7,7,7
1103,0,4,7,7,0,7,7,7,0,7,7,7,0,7,7,7
1104,0,7,7,7,0,7,7,7,0,7,7,7,0,7,7,7
1105,0,6,7,7,0,7,7,7,0,7,7,7,0,7,7,7
1106,0,6,7,7,0,7,7,7,0,7,7,7,0,7,7,7
1107,0,6,7,7,0,6,7,7,0,7,7,7,0,7,7,7
1108,0,7,7,7,0,7,7,7,0,6,7,7,0,7,7,7
1109,0,4,7,7,0,7,7,7,0,7,7,7,0,7,7,7
1110,0,6,7,7,0,7,7,7,0,7,7,7,0,7,7,7
1111,0,6,7,7,0,7,7,7,0,7,7,7,0,7,7,7
1112,0,7,7,7,0,6,7,7,0,7,7,7,0,7,7,7
1113,0,7,7,7,0,7,7,7,0,7,7,7,0,7,7,7
1114,0,7,7,7,0,7,7,7,0,7,7,7,0,7,7,7
1115,0,6,7,7,0,7,7,7,0,7,7,7,0,7,7,7
1116,0,6,7,7,0,7,7,7,0,7,7,7,0,7,7,7
1117,0,6,7,7,0,7,7,7,0,7,7,7,0,7,7,7
1118,0,7,7,7,0,6,7,7,0,7,7,7,0,7,7,7
1119,0,6,7,7,0,7,7,7,0,7,7,7,0,7,7,7
1120,0,7,7,7,0,7,7,7,0,7,7,7,0,7,7,7
1121,0,4,7,7,0,7,7,7,0,7,7,7,0,7,7,7
1122,0,6,7,7,0,6,7,7,0,6,7,7,0,7,7,7
1123,0,7,7,7,0,7,7,7,0,7,7,7,0,7,7,7
1124,0,6,7,7,0,7,7,7,0,7,7,7,0,7,7,7
1125,0,6,7,7,0,7,7,7,0,7,7,7,0,7,7,7
1126,0,7,7,7,0,7,7,7,0,7,7,7,0,7,7,7
1127,0,6,7,7,0,7,7,7,0,7,7,7,0,7,7,7
1128,0,7,7,7,0,7,7,7,0,7,7,7,0,7,7,7
1129,0,7,7,7,0,6,7,7,0,7,7,7,0,7,7,7
1130,0,6,7,7,0,7,7,7,0,7,7,7,0,7,7,7
1131,0,6,7,7,0,7,7,7,0,7,7,7,0,7,7,7
1132,0,6,7,7,0,7,7,7,0,7,7,7,0,7,7,7
1133,0,7,7,7,0,6,7,7,0,7,7,7,0,7,7,7
1134,0,6,7,7,0,6,7,7,0,7,7,7,0,7,7,7
1135,0,7,7,7,0,7,7,7,0,7,7,7,0,7,7,7
1136,0,6,7,7,0,7,7,7,0,7,7,7,0,7,7,7
1137,0,4,7,7,0,7,7,7,0,7,7,7,0,7,7,7
1138,0,7,7,7,0,7,7,7,0,7,7,7,0,7,7,7
1139,0,6,7,7,0,7,7,7,0,7,7,7,0,7,7,7
1140,0,7,7,7,0,7,7,7,0,7,7,7,0,7,7,7
1141,0,7,7,7,0,7,7,7,0,7,7,7,0,7,7,7
1142,0,6,7,7,0,7,7,7,0,7,7,7,0,7,7,7
1143,0,7,7,7,0,7,7,7,0,7,7,7,0,7,7,7
1144,0,6,7,7,0,7,7,7,0,7,7,7,0,7,7,7
1145,0,7,7,7,0,7,7,7,0,7,7,7,0,7,7,7
1146,0,6,7,7,1,4,7,7,0,7,7,7,0,7,7,7
1147,2,4,7,7,0,4,7,7,0,6,7,7,0,7,7,7
1148,0,4,7,7,1,4,7,7,0,6,7,7,0,7,7,7
1149,2,4,7,7,1,4,7,7,0,4,7,7,0,7,7,7
1150,0,6,7,7,0,7,7,7,0,7,7,7,0,7,7,7
1151,1,4,7,7,0,6,7,7,0,6,7,7,0,7,7,7
1152,0,6,7,7,1,7,7,7,0,7,7,7,1,7,7,7
1153,2,6,7,7,0,6,7,7,1,6,7,7,0,6,7,7
1154,1,6,7,7,1,7,7,7,0,7,7,7,0,7,7,7
1155,1,3,7,7,1,6,7,7,1,6,7,7,0,7,7,7
1156,0,6,7,7,1,6,7,7,0,7,7,7,0,7,7,7
1157,0,4,7,7,0,7,7,7,0,6,7,7,0,7,7,7
1158,0,7,7,7,0,6,7,7,0,7,7,7,0,6,7,7
1159,0,6,7,7,0,6,7,7,0,7,7,7,0,7,7,7
1160,0,6,7,7,0,6,7,7,0,7,7,7,0,7,7,7
1161,1,6,7,7,0,6,7,7,1,6,7,7,0,7,7,7
1162,0,7,7,7,0,7,7,7,0,7,7,7,0,6,7,7
1163,0,6,7,7,0,6,7,7,0,7,7,7,0,7,7,7
1164,0,6,7,7,0,7,7,7,0,7,7,7,0,7,7,7
1165,0,4,7,7,0,6,7,7,0,7,7,7,0,7,7,7
1166,0,7,7,7,0,7,7,7,0,7,7,7,0,7,7,7
1167,0,7,7,7,0,7,7,7,0,7,7,7,0,7,7,7
1168,0,7,7,7,0,7,7,7,0,7,7,7,0,7,7,7
1169,0,6,7,7,0,7,7,7,0,7,7,7,0,7,7,7
1170,0,6,7,7,0,7,7,7,0,7,7,7,0,7,7,7
1171,0,7,7,7,0,7,7,7,0,7,7,7,0,7,7,7
1172,0,6,7,7,0,6,7,7,0,7,7,7,0,7,7,7
1173,0,6,7,7,0,7,7,7,0,6,7,7,0,7,7,7
1174,0,7,7,7,0,7,7,7,0,7,7,7,0,7,7,7
1175,0,6,7,7,0,7,7,7,0,7,7,7,0,7,7,7
1176,0,6,7,7,0,6,7,7,0,7,7,7,0,7,7,7
1177,0,6,7,7,0,7,7,7,0,7,7,7,0,7,7,7
1178,0,7,7,7,0,6,7,7,0,7,7,7,0,7,7,7
1179,0,7,7,7,0,7,7,7,0,7,7,7,0,7,7,7
1180,0,6,7,7,0,6,7,7,0,7,7,7,0,6,7,7
1181,0,4,7,7,0,7,7,7,0,7,7,7,0,7,7,7
1182,0,7,7,7,1,6,7,7,0,7,7,7,2,7,7,7
1183,2,6,7,7,0,7,7,7,0,7,7,7,0,7,7,7
1184,0,4,7,7,1,7,7,7,0,7,7,7,1,7,7,7
1185,3,6,7,7,0,7,7,7,3,7,7,7,2,7,7,7
1186,1,6,7,7,1,7,7,7,2,7,7,7,0,7,7,7
1187,1,4,7,7,1,7,7,7,2,7,7,7,2,7,7,7
1188,0,6,7,7,0,6,7,7,0,7,7,7,0,7,7,7
1189,0,4,7,7,0,7,7,7,0,7,7,7,0,7,7,7
1190,0,6,7,7,0,6,7,7,0,7,7,7,0,7,7,7
1191,0,7,7,7,0,7,7,7,0,7,7,7,0,7,7,7
1192,0,6,7,7,0,7,7,7,0,7,7,7,0,7,7,7
1193,0,7,7,7,0,7,7,7,0,7,7,7,0,7,7,7
1194,0,6,7,7,0,7,7,7,0,7,7,7,0,7,7,7
1195,0,6,7,7,0,7,7,7,0,7,7,7,0,7,7,7
1196,0,7,7,7,0,7,7,7,0,7,7,7,0,7,7,7
1197,0,6,7,7,0,7,7,7,0,7,7,7,0,7,7,7
1198,0,7,7,7,0,7,7,7,0,7,7,7,0,7,7,7
1199,0,7,7,7,0,7,7,7,0,7,7,7,0,7,7,7
1200,0,4,7,7,0,7,7,7,0,7,7,7,0,7,7,7
1201,0,6,7,7,0,7,7,7,0,7,7,7,0,7,7,7
1202,0,6,7,7,0,7,7,7,0,7,7,7,0,7,7,7
1203,0,6,7,7,0,7,7,7,0,7,7,7,0,7,7,7
1204,0,7,7,7,0,7,7,7,0,7,7,7,0,7,7,7
1205,0,6,7,7,0,7,7,7,0,7,7,7,0,7,7,7
1206,0,3,7,7,0,6,7,7,0,7,7,7,0,7,7,7
1207,0,6,7,7,0,7,7,7,0,7,7,7,0,7,7,7
1208,0,7,7,7,0,7,7,7,0,7,7,7,0,7,7,7
1209,0,6,7,7,0,6,7,7,0,7,7,7,0,7,7,7
1210,0,3,7,7,0,6,7,7,0,7,7,7,0,7,7,7
1211,0,6,7,7,0,7,7,7,0,7,7,7,0,7,7,7
1212,0,6,7,7,0,6,7,7,0,7,7,7,0,7,7,7
1213,0,6,7,7,0,7,7,7,0,7,7,7,0,7,7,7
1214,0,6,7,7,0,7,7,7,0,7,7,7,0,7,7,7
1215,0,4,7,7,0,7,7,7,0,7,7,7,0,7,7,7
1216,0,6,7,7,0,7,7,7,0,7,7,7,0,7,7,7
1217,0,6,7,7,0,7,7,7,0,7,7,7,0,7,7,7
1218,0,4,7,7,0,7,7,7,0,7,7,7,0,7,7,7
1219,0,4,7,7,0,6,7,7,0,6,7,7,0,7,7,7
1220,0,3,7,7,0,7,7,7,0,7,7,7,0,7,7,7
1221,0,6,7,7,0,7,7,7,0,7,7,7,0,7,7,7
1222,0,4,7,7,0,7,7,7,0,7,7,7,0,7,7,7
1223,0,4,7,7,0,6,7,7,0,7,7,7,0,7,7,7
1224,0,4,7,7,0,7,7,7,0,7,7,7,0,7,7,7
1225,0,2,7,7,0,7,7,7,0,7,7,7,0,7,7,7
1226,0,6,7,7,0,7,7,7,0,7,7,7,0,7,7,7
1227,0,6,7,7,0,7,7,7,0,7,7,7,0,7,7,7
1228,0,7,7,7,0,7,7,7,0,7,7,7,0,7,7,7
1229,0,6,7,7,0,7,7,7,0,7,7,7,0,7,7,7
1230,0,6,7,7,0,4,7,7,0,7,7,7,0,7,7,7
1231,0,4,7,7,0,7,7,7,0,7,7,7,0,7,7,7
1232,0,4,7,7,0,4,7,7,0,7,7,7,0,7,7,7
1233,0,6,7,7,0,7,7,7,0,7,7,7,0,7,7,7
1234,0,4,7,7,0,6,7,7,0,7,7,7,0,7,7,7
1235,0,6,7,7,0,7,7,7,0,7,7,7,0,7,7,7
1236,0,4,7,7,0,7,7,7,0,7,7,7,0,7,7,7
1237,0,7,7,7,0,7,7,7,0,7,7,7,0,7,7,7
1238,0,4,7,7,0,7,7,7,0,7,7,7,0,7,7,7
1239,0,6,7,7,0,7,7,7,0,7,7,7,0,7,7,7
1240,0,7,7,7,0,7,7,7,0,7,7,7,0,7,7,7
1241,0,6,7,7,0,7,7,7,0,7,7,7,0,7,7,7
1242,0,4,7,7,0,6,7,7,0,7,7,7,0,7,7,7
1243,0,7,7,7,0,6,7,7,0,7,7,7,0,7,7,7
1244,0,6,7,7,0,6,7,7,0,7,7,7,0,7,7,7
1245,0,3,7,7,0,6,7,7,0,6,7,7,0,7,7,7
1246,0,3,7,7,0,7,7,7,0,7,7,7,0,7,7,7
1247,0,7,7,7,0,6,7,7,0,7,7,7,0,7,7,7
1248,0,6,7,7,0,6,7,7,0,7,7,7,0,7,7,7
1249,0,6,7,7,0,7,7,7,0,7,7,7,0,7,7,7
1250,0,7,7,7,0,7,7,7,0,7,7,7,0,7,7,7
1251,0,7,7,7,0,7,7,7,0,7,7,7,0,7,7,7
1252,0,6,7,7,0,7,7,7,0,7,7,7,0,7,7,7
1253,0,6,7,7,0,7,7,7,0,7,7,7,0,7,7,7
1254,0,4,7,7,0,6,7,7,0,7,7,7,0,7,7,7
1255,0,3,7,7,0,6,7,7,0,7,7,7,0,7,7,7
1256,0,6,7,7,0,6,7,7,0,7,7,7,0,7,7,7
1257,0,6,7,7,0,6,7,7,0,6,7,7,0,7,7,7
1258,0,7,7,7,0,6,7,7,0,7,7,7,0,7,7,7
1259,0,4,7,7,0,7,7,7,0,7,7,7,0,7,7,7
1260,0,7,7,7,0,7,7,7,0,7,7,7,0,7,7,7
1261,0,4,7,7,0,7,7,7,0,7,7,7,0,7,7,7
1262,0,7,7,7,0,7,7,7,0,7,7,7,0,7,7,7
1263,0,4,7,7,0,7,7,7,0,7,7,7,0,7,7,7
1264,0,7,7,7,0,7,7,7,0,7,7,7,0,7,7,7
1265,0,6,7,7,0,7,7,7,0,7,7,7,0,7,7,7
1266,0,6,7,7,0,7,7,7,0,7,7,7,0,7,7,7
1267,0,4,7,7,0,7,7,7,0,7,7,7,0,7,7,7
1268,0,7,7,7,0,7,7,7,0,7,7,7,0,7,7,7
1269,0,6,7,7,0,7,7,7,0,7,7,7,0,7,7,7
1270,0,7,7,7,0,6,7,7,0,7,7,7,0,7,7,7
1271,0,7,7,7,0,7,7,7,0,7,7,7,0,7,7,7
1272,0,1,6,7,0,4,7,7,0,6,7,7,0,6,6,7
1273,0,2,5,7,0,4,6,7,0,6,7,7,0,3,6,7
1274,0,4,6,7,0,4,6,7,0,6,6,7,0,6,6,7
1275,0,4,5,7,0,4,7,7,0,6,7,7,0,6,7,7
1276,0,4,6,7,0,6,7,7,0,6,7,7,0,6,6,7
1277,0,4,5,7,0,6,7,7,0,6,7,7,0,6,6,7
1278,0,0,2,7,0,0,7,7,0,2,7,7,0,1,7,7
1279,0,0,6,7,0,0,7,7,0,2,7,7,0,1,7,7
1280,0,0,7,7,0,0,7,7,0,2,7,7,0,4,7,7
1281,0,0,6,7,0,1,7,7,0,4,7,7,0,4,7,7
1282,0,0,4,7,0,1,7,7,0,2,7,7,0,4,7,7
1283,0,0,6,7,0,0,7,7,0,2,7,7,0,6,7,7
1284,0,0,4,7,0,0,7,7,0,4,7,7,0,1,7,7
1285,0,0,6,7,0,1,7,7,0,2,7,7,0,3,7,7
1286,0,2,4,7,0,1,7,7,0,1,7,7,0,1,7,7
1287,0,1,4,7,0,2,7,7,0,1,7,7,0,2,7,7
1288,0,1,6,7,0,2,7,7,0,4,7,7,0,3,7,7
1289,0,1,4,7,0,0,7,7,0,1,7,7,0,6,7,7
1290,0,1,4,7,0,1,7,7,0,2,7,7,0,4,7,7
1291,0,0,6,7,0,0,7,7,0,1,7,7,0,3,7,7
1292,0,1,7,7,0,1,7,7,1,4,7,7,0,6,7,7
1293,0,0,7,7,0,1,7,7,1,4,7,7,0,4,7,7
1294,0,1,6,7,0,1,7,7,0,4,7,7,0,4,7,7
1295,0,0,7,7,0,1,7,7,0,1,7,7,0,3,7,7
1296,0,2,5,7,0,1,7,7,0,7,7,7,0,4,7,7
1297,0,1,4,7,0,1,7,7,0,4,7,7,0,4,7,7
1298,0,2,4,7,0,1,7,7,0,5,7,7,0,4,7,7
1299,0,1,6,7,0,2,7,7,0,4,7,7,0,7,7,7
1300,0,4,6,7,0,2,7,7,0,4,7,7,0,6,7,7
1301,0,1,6,7,0,3,7,7,0,6,7,7,0,7,7,7
1302,0,2,6,7,0,1,7,7,0,5,7,7,0,5,7,7
1303,0,1,6,7,0,2,7,7,0,4,7,7,0,4,7,7
1304,0,2,7,7,0,1,7,7,0,7,7,7,0,7,7,7
1305,0,1,7,7,0,4,7,7,0,4,7,7,0,6,7,7
1306,0,2,7,7,0,1,7,7,0,5,7,7,0,6,7,7
1307,0,2,7,7,0,4,7,7,0,4,7,7,0,6,7,7
1308,0,6,6,7,0,5,7,7,0,5,7,7,0,5,7,7
1309,0,2,6,7,1,6,7,7,0,5,7,7,0,5,7,7
1310,0,4,6,7,0,5,7,7,0,5,7,7,0,7,7,7
1311,1,2,4,7,0,6,7,7,0,6,7,7,0,7,7,7
1312,0,6,7,7,0,6,7,7,0,7,7,7,0,5,7,7
1313,0,5,7,7,1,6,7,7,0,7,7,7,0,7,7,7
1314,0,2,6,7,0,5,7,7,0,6,7,7,0,6,7,7
1315,0,4,7,7,0,5,7,7,0,6,7,7,0,6,7,7
1316,0,6,7,7,0,4,7,7,0,6,7,7,0,6,7,7
1317,0,4,7,7,0,6,7,7,0,7,7,7,0,7,7,7
1318,0,5,7,7,0,6,7,7,0,6,7,7,0,7,7,7
1319,0,4,7,7,0,5,7,7,0,6,7,7,0,7,7,7
1320,0,2,6,7,0,6,7,7,0,4,7,7,0,6,7,7
1321,0,4,6,7,0,4,7,7,0,5,7,7,0,6,7,7
1322,0,5,6,7,0,6,7,7,0,6,7,7,0,7,7,7
1323,0,6,7,7,0,7,7,7,0,6,7,7,0,7,7,7
1324,0,5,7,7,0,5,7,7,0,6,7,7,0,7,7,7
1325,0,6,7,7,0,5,7,7,0,7,7,7,0,6,7,7
1326,0,4,7,7,0,4,7,7,0,6,7,7,0,7,7,7
1327,0,6,7,7,0,4,7,7,0,5,7,7,0,6,7,7
1328,0,4,7,7,0,5,7,7,0,7,7,7,0,7,7,7
1329,0,5,7,7,0,6,7,7,0,6,7,7,0,7,7,7
1330,0,5,7,7,0,5,7,7,0,7,7,7,0,7,7,7
1331,0,4,6,7,0,7,7,7,0,7,7,7,0,7,7,7
1332,0,4,7,7,0,6,7,7,0,6,7,7,0,6,7,7
1333,0,4,7,7,0,7,7,7,0,6,7,7,0,6,7,7
1334,0,5,6,7,0,6,7,7,0,7,7,7,0,7,7,7
1335,0,6,6,7,0,6,7,7,0,7,7,7,0,7,7,7
1336,0,4,7,7,0,7,7,7,0,7,7,7,0,7,7,7
1337,0,4,6,7,0,7,7,7,0,7,7,7,0,7,7,7
1338,0,1,4,7,0,2,4,7,0,3,6,7,0,4,7,7
1339,0,1,6,7,0,2,7,7,1,1,7,7,2,2,7,7
1340,0,2,6,7,0,3,7,7,0,6,7,7,0,7,7,7
1341,0,1,7,7,0,4,7,7,1,3,7,7,0,4,7,7
1342,0,1,4,7,1,1,7,7,0,4,7,7,0,4,7,7
1343,0,1,6,7,1,2,7,7,0,4,7,7,1,4,7,7
1344,0,2,6,7,0,2,7,7,0,5,7,7,0,4,7,7
1345,0,1,4,7,0,4,7,7,0,4,7,7,0,4,7,7
1346,0,2,4,7,0,4,7,7,0,6,7,7,0,4,7,7
1347,0,1,6,7,1,2,7,7,0,3,7,7,0,4,7,7
1348,0,4,7,7,1,4,7,7,0,6,7,7,0,7,7,7
1349,0,2,6,7,0,4,7,7,0,4,7,7,0,7,7,7
1350,0,4,5,7,0,4,7,7,0,5,7,7,0,5,7,7
1351,0,2,4,7,0,4,7,7,0,6,7,7,0,4,7,7
1352,0,4,6,7,0,4,7,7,0,6,7,7,0,4,7,7
1353,0,2,6,7,0,4,7,7,0,4,7,7,0,4,7,7
1354,0,3,7,7,0,2,7,7,0,6,7,7,0,7,7,7
1355,0,4,6,7,0,4,7,7,0,4,7,7,0,6,7,7
1356,0,4,7,7,0,5,7,7,0,6,7,7,0,7,7,7
1357,0,4,7,7,0,6,7,7,0,7,7,7,0,7,7,7
1358,0,2,7,7,0,7,7,7,0,7,7,7,0,7,7,7
1359,0,4,7,7,0,6,7,7,0,7,7,7,0,7,7,7
1360,0,2,7,7,0,7,7,7,0,7,7,7,0,7,7,7
1361,0,4,7,7,0,7,7,7,0,6,7,7,0,7,7,7
1362,0,2,7,7,0,4,7,7,0,5,7,7,0,7,7,7
1363,0,4,7,7,0,6,7,7,0,7,7,7,0,7,7,7
1364,0,2,7,7,0,6,7,7,0,6,7,7,0,7,7,7
1365,0,4,7,7,0,6,7,7,0,7,7,7,0,6,7,7
1366,0,2,7,7,0,7,7,7,0,6,7,7,0,7,7,7
1367,0,4,7,7,0,7,7,7,0,6,7,7,0,7,7,7
1368,0,2,6,7,0,5,7,7,0,6,7,7,0,6,7,7
1369,0,4,7,7,0,6,7,7,0,7,7,7,0,7,7,7
1370,0,2,7,7,0,7,7,7,0,7,7,7,0,7,7,7
1371,0,4,7,7,0,6,7,7,0,7,7,7,0,7,7,7
1372,0,5,7,7,0,6,7,7,0,6,7,7,0,7,7,7
1373,0,4,7,7,0,5,7,7,0,6,7,7,0,7,7,7
1374,0,2,7,7,0,6,7,7,0,6,7,7,0,7,7,7
1375,0,2,7,7,0,7,7,7,0,7,7,7,0,7,7,7
1376,0,2,7,7,0,7,7,7,0,6,7,7,0,7,7,7
1377,0,4,7,7,0,6,7,7,0,7,7,7,0,7,7,7
1378,0,2,7,7,0,6,7,7,0,6,7,7,0,7,7,7
1379,0,7,7,7,0,6,7,7,0,6,7,7,0,7,7,7
1380,0,4,7,7,0,7,7,7,0,7,7,7,0,7,7,7
1381,0,4,7,7,0,7,7,7,0,7,7,7,1,7,7,7
1382,0,6,7,7,0,7,7,7,0,7,7,7,0,7,7,7
1383,0,4,7,7,0,7,7,7,1,7,7,7,0,7,7,7
1384,0,4,7,7,0,7,7,7,0,7,7,7,0,7,7,7
1385,0,7,7,7,0,7,7,7,0,7,7,7,0,7,7,7
1386,0,0,0,6,0,0,0,7,0,0,1,7,0,0,1,7
1387,0,0,0,7,0,0,0,7,0,0,2,7,0,0,2,7
1388,0,0,0,7,0,0,0,6,0,0,1,7,0,0,2,7
1389,0,0,1,4,0,0,2,7,0,0,1,7,0,0,2,7
1390,0,0,1,7,0,0,1,7,0,0,4,7,0,0,4,7
1391,0,0,0,7,0,0,2,7,0,0,3,7,0,0,2,7
